contact_id,account_id,company_name,first_name,last_name,crm_record_id,owner,active_sequence,last_touch_date,do_not_contact,notes
con_001,acc_001,Northstar Ledger,Elena,Marin,crm_con_001,alex.morgan,false,2026-08-01,false,
con_0017,acc_001,Northstar Ledger,Camille,Bernard,crm_con_0017,alex.morgan,false,2026-08-01,false,
con_0018,acc_001,Northstar Ledger,Nina,Michel,crm_con_0018,unassigned,false,,false,
con_0020,acc_001,Northstar Ledger,Manon,Fournier,crm_con_0020,unassigned,false,,false,
con_0023,acc_001,Northstar Ledger,Nina,Vincent,crm_con_0023,unassigned,false,,false,
con_0024,acc_001,Northstar Ledger,Antoine,Laurent,crm_con_0024,unassigned,false,,false,
con_002,acc_001,Northstar Ledger,Jonas,Vega,crm_con_002,unassigned,false,,false,
con_0019,acc_001,Northstar Ledger,Antoine,Petit,crm_con_0019,unassigned,false,,false,
con_0021,acc_001,Northstar Ledger,Arthur,Lefebvre,crm_con_0021,unassigned,false,,false,
con_0025,acc_001,Northstar Ledger,Manon,Robert,crm_con_0025,unassigned,false,,false,
con_0022,acc_001,Northstar Ledger,Camille,Richard,crm_con_0022,unassigned,false,,false,
con_003,acc_002,Harborline Systems,Amira,Khan,crm_con_003,samira.lee,true,2026-08-09,false,
con_0026,acc_002,Harborline Systems,Maya,Williams,crm_con_0026,samira.lee,false,2026-08-09,false,
con_0027,acc_002,Harborline Systems,Jack,Edwards,crm_con_0027,unassigned,false,,false,
con_0031,acc_002,Harborline Systems,Maya,Roberts,crm_con_0031,unassigned,false,,false,
con_0033,acc_002,Harborline Systems,Isla,White,crm_con_0033,unassigned,false,,false,
con_004,acc_002,Harborline Systems,Theo,Meyer,crm_con_004,unassigned,false,,false,
con_0028,acc_002,Harborline Systems,Isla,Johnson,crm_con_0028,unassigned,false,,false,
con_0029,acc_002,Harborline Systems,Oliver,Brown,crm_con_0029,unassigned,false,,false,
con_0030,acc_002,Harborline Systems,Oscar,Hughes,crm_con_0030,unassigned,false,,false,
con_0034,acc_002,Harborline Systems,Oliver,Thomas,crm_con_0034,unassigned,false,,false,
con_0032,acc_002,Harborline Systems,Jack,Taylor,crm_con_0032,unassigned,false,,false,
con_0035,acc_003,Morrow Mobility,Finn,Schulz,crm_con_0035,unassigned,false,,false,
con_0038,acc_003,Morrow Mobility,Max,Becker,crm_con_0038,unassigned,false,,false,
con_0040,acc_003,Morrow Mobility,Finn,Klein,crm_con_0040,unassigned,false,,false,
con_0043,acc_003,Morrow Mobility,Max,Richter,crm_con_0043,unassigned,false,,false,
con_005,acc_003,Morrow Mobility,Sofia,Keller,crm_con_005,unassigned,false,,false,
con_0036,acc_003,Morrow Mobility,Anna,Schmidt,crm_con_0036,unassigned,false,,false,
con_0039,acc_003,Morrow Mobility,Hannah,Müller,crm_con_0039,unassigned,false,,false,
con_0041,acc_003,Morrow Mobility,Anna,Wagner,crm_con_0041,unassigned,false,,false,
con_006,acc_003,Morrow Mobility,Lukas,Brandt,crm_con_006,unassigned,false,,false,
con_0037,acc_003,Morrow Mobility,Sophie,Wolf,crm_con_0037,unassigned,false,,false,
con_0042,acc_003,Morrow Mobility,Sophie,Braun,crm_con_0042,unassigned,false,,false,
con_0046,acc_004,Cedar & Finch Advisory,Liam,Martin,crm_con_0046,priya.nair,true,2026-08-17,false,
con_0048,acc_004,Cedar & Finch Advisory,Louis,Mertens,crm_con_0048,priya.nair,false,2026-08-17,false,
con_0049,acc_004,Cedar & Finch Advisory,Nathan,Leroy,crm_con_0049,unassigned,false,,false,
con_007,acc_004,Cedar & Finch Advisory,Nadia,Rossi,crm_con_007,unassigned,false,,false,
con_008,acc_004,Cedar & Finch Advisory,Marc,Dubois,crm_con_008,unassigned,false,,false,
con_0044,acc_004,Cedar & Finch Advisory,Nathan,Vandenberghe,crm_con_0044,unassigned,false,,false,
con_0045,acc_004,Cedar & Finch Advisory,Marie,Willems,crm_con_0045,unassigned,false,,false,
con_0047,acc_004,Cedar & Finch Advisory,Alice,Vermeulen,crm_con_0047,unassigned,false,,false,
con_0050,acc_004,Cedar & Finch Advisory,Marie,De Vos,crm_con_0050,unassigned,false,,false,
con_0051,acc_004,Cedar & Finch Advisory,Liam,Jacobs,crm_con_0051,unassigned,false,,false,
con_009,acc_005,Brightforge Manufacturing,Claire,Morel,crm_con_009,oliver.bennett,true,2026-08-21,false,
con_010,acc_005,Brightforge Manufacturing,Hugo,Bernard,crm_con_010,oliver.bennett,false,2026-08-21,false,
con_0052,acc_005,Brightforge Manufacturing,Julien,Richard,crm_con_0052,unassigned,false,,false,
con_0054,acc_005,Brightforge Manufacturing,Thomas,Laurent,crm_con_0054,unassigned,false,,false,
con_0055,acc_005,Brightforge Manufacturing,Élodie,Robert,crm_con_0055,unassigned,false,,false,
con_0056,acc_005,Brightforge Manufacturing,Clara,Roux,crm_con_0056,unassigned,false,,false,
con_0058,acc_005,Brightforge Manufacturing,Sophie,Thomas,crm_con_0058,unassigned,false,,false,
con_0060,acc_005,Brightforge Manufacturing,Élodie,Moreau,crm_con_0060,unassigned,false,,false,
con_0061,acc_005,Brightforge Manufacturing,Clara,Dubois,crm_con_0061,unassigned,false,,false,
con_0053,acc_005,Brightforge Manufacturing,Sophie,Vincent,crm_con_0053,unassigned,false,,false,
con_0057,acc_005,Brightforge Manufacturing,Julien,Simon,crm_con_0057,unassigned,false,,false,
con_0059,acc_005,Brightforge Manufacturing,Thomas,Bertrand,crm_con_0059,unassigned,false,,false,
con_0063,acc_006,Meadowbridge Health,Lars,Bos,crm_con_0063,unassigned,false,,false,
con_0064,acc_006,Meadowbridge Health,Eva,Janssen,crm_con_0064,unassigned,false,,false,
con_0067,acc_006,Meadowbridge Health,Daan,Bakker,crm_con_0067,unassigned,false,,false,
con_0069,acc_006,Meadowbridge Health,Eva,Mulder,crm_con_0069,unassigned,false,,false,
con_0070,acc_006,Meadowbridge Health,Milan,van Dijk,crm_con_0070,unassigned,false,,false,
con_0065,acc_006,Meadowbridge Health,Milan,Brouwer,crm_con_0065,unassigned,false,,false,
con_0066,acc_006,Meadowbridge Health,Julia,de Groot,crm_con_0066,unassigned,false,,false,
con_0071,acc_006,Meadowbridge Health,Julia,van Leeuwen,crm_con_0071,unassigned,false,,false,
con_011,acc_006,Meadowbridge Health,Maya,Smit,crm_con_011,unassigned,false,,false,
con_012,acc_006,Meadowbridge Health,Ruben,Visser,crm_con_012,unassigned,false,,false,
con_0062,acc_006,Meadowbridge Health,Daan,de Jong,crm_con_0062,unassigned,false,,false,
con_0068,acc_006,Meadowbridge Health,Lars,Dekker,crm_con_0068,unassigned,false,,false,
con_0072,acc_007,Atelier Nova,Aurora,Costa,crm_con_0072,unassigned,false,,false,
con_0074,acc_007,Atelier Nova,Alessandro,Russo,crm_con_0074,unassigned,false,,false,
con_0075,acc_007,Atelier Nova,Beatrice,Mancini,crm_con_0075,unassigned,false,,false,
con_0076,acc_007,Atelier Nova,Gabriele,Ricci,crm_con_0076,unassigned,false,,false,
con_0078,acc_007,Atelier Nova,Matteo,De Luca,crm_con_0078,unassigned,false,,false,
con_0079,acc_007,Atelier Nova,Alessandro,Colombo,crm_con_0079,unassigned,false,,false,
con_013,acc_007,Atelier Nova,Giulia,Conti,crm_con_013,unassigned,false,,false,
con_014,acc_007,Atelier Nova,Pietro,Riva,crm_con_014,unassigned,false,,false,
con_0073,acc_007,Atelier Nova,Matteo,Marino,crm_con_0073,unassigned,false,,false,
con_0077,acc_007,Atelier Nova,Aurora,Rossi,crm_con_0077,unassigned,false,,false,
con_015,acc_008,Summit Grid Authority,Lucia,Ortega,crm_con_015,unassigned,false,,true,
con_0082,acc_008,Summit Grid Authority,Javier,Moreno,crm_con_0082,unassigned,false,,true,
con_0083,acc_008,Summit Grid Authority,Elena,Pérez,crm_con_0083,unassigned,false,,true,
con_0084,acc_008,Summit Grid Authority,Hugo,García,crm_con_0084,unassigned,false,,true,
con_0087,acc_008,Summit Grid Authority,Javier,Navarro,crm_con_0087,unassigned,false,,true,
con_0088,acc_008,Summit Grid Authority,Elena,Hernández,crm_con_0088,unassigned,false,,true,
con_0089,acc_008,Summit Grid Authority,Hugo,Martínez,crm_con_0089,unassigned,false,,true,
con_0086,acc_008,Summit Grid Authority,Alejandro,Sánchez,crm_con_0086,unassigned,false,,true,
con_016,acc_008,Summit Grid Authority,Diego,Navarro,crm_con_016,unassigned,false,,true,
con_0080,acc_008,Summit Grid Authority,Martina,Gómez,crm_con_0080,unassigned,false,,true,
con_0085,acc_008,Summit Grid Authority,Martina,Díaz,crm_con_0085,unassigned,false,,true,
con_0081,acc_008,Summit Grid Authority,Alejandro,Fernández,crm_con_0081,unassigned,false,,true,
con_0094,acc_009,Asterline Analytics,Amélie,David,crm_con_0094,priya.nair,true,2026-08-14,false,
con_0095,acc_009,Asterline Analytics,Maxime,Leroy,crm_con_0095,priya.nair,false,2026-08-14,false,
con_0097,acc_009,Asterline Analytics,Louis,Garcia,crm_con_0097,unassigned,false,,false,
con_0090,acc_009,Asterline Analytics,Maxime,Thomas,crm_con_0090,unassigned,false,,false,
con_0092,acc_009,Asterline Analytics,Louis,Moreau,crm_con_0092,unassigned,false,,false,
con_0093,acc_009,Asterline Analytics,Gabriel,Dubois,crm_con_0093,unassigned,false,,false,
con_0096,acc_009,Asterline Analytics,Léa,Martin,crm_con_0096,unassigned,false,,false,
con_0098,acc_009,Asterline Analytics,Gabriel,Durand,crm_con_0098,unassigned,false,,false,
con_0099,acc_009,Asterline Analytics,Amélie,Bernard,crm_con_0099,unassigned,false,,false,
con_0091,acc_009,Asterline Analytics,Léa,Bertrand,crm_con_0091,unassigned,false,,false,
con_0100,acc_010,Bluehaven Labs,Sophie,Zimmermann,crm_con_0100,oliver.bennett,false,2026-08-01,false,
con_0103,acc_010,Bluehaven Labs,Finn,Schwarz,crm_con_0103,oliver.bennett,false,2026-08-01,false,
con_0104,acc_010,Bluehaven Labs,Anna,Koch,crm_con_0104,unassigned,false,,false,
con_0106,acc_010,Bluehaven Labs,Max,Neumann,crm_con_0106,unassigned,false,,false,
con_0109,acc_010,Bluehaven Labs,Anna,Schröder,crm_con_0109,unassigned,false,,false,
con_0110,acc_010,Bluehaven Labs,Sophie,Schulz,crm_con_0110,unassigned,false,,false,
con_0102,acc_010,Bluehaven Labs,Hannah,Weber,crm_con_0102,unassigned,false,,false,
con_0105,acc_010,Bluehaven Labs,Sophie,Fischer,crm_con_0105,unassigned,false,,false,
con_0107,acc_010,Bluehaven Labs,Hannah,Hoffmann,crm_con_0107,unassigned,false,,false,
con_0108,acc_010,Bluehaven Labs,Finn,Schneider,crm_con_0108,unassigned,false,,false,
con_0101,acc_010,Bluehaven Labs,Max,Bauer,crm_con_0101,unassigned,false,,false,
con_0113,acc_011,Copperleaf Collective,Chiara,Bruno,crm_con_0113,alex.morgan,false,2026-06-20,false,
con_0114,acc_011,Copperleaf Collective,Leonardo,Esposito,crm_con_0114,unassigned,false,,false,
con_0115,acc_011,Copperleaf Collective,Giulia,Giordano,crm_con_0115,unassigned,false,,false,
con_0119,acc_011,Copperleaf Collective,Leonardo,Marino,crm_con_0119,unassigned,false,,false,
con_0120,acc_011,Copperleaf Collective,Giulia,Russo,crm_con_0120,unassigned,false,,false,
con_0121,acc_011,Copperleaf Collective,Elisa,Mancini,crm_con_0121,unassigned,false,,false,
con_0112,acc_011,Copperleaf Collective,Marco,Rizzo,crm_con_0112,unassigned,false,,false,
con_0116,acc_011,Copperleaf Collective,Elisa,Greco,crm_con_0116,unassigned,false,,false,
con_0117,acc_011,Copperleaf Collective,Marco,Ferrari,crm_con_0117,unassigned,false,,false,
con_0118,acc_011,Copperleaf Collective,Chiara,Costa,crm_con_0118,unassigned,false,,false,
con_0111,acc_011,Copperleaf Collective,Elisa,Bianchi,crm_con_0111,unassigned,false,,false,
con_0122,acc_011,Copperleaf Collective,Marco,Ricci,crm_con_0122,unassigned,false,,false,
con_0124,acc_012,Deltaforge Commerce,Camille,Dupont,crm_con_0124,unassigned,false,,false,
con_0125,acc_012,Deltaforge Commerce,Arthur,Goossens,crm_con_0125,unassigned,false,,false,
con_0126,acc_012,Deltaforge Commerce,Simon,Peeters,crm_con_0126,unassigned,false,,false,
con_0130,acc_012,Deltaforge Commerce,Arthur,Vandenberghe,crm_con_0130,unassigned,false,,false,
con_0131,acc_012,Deltaforge Commerce,Simon,Willems,crm_con_0131,unassigned,false,,false,
con_0123,acc_012,Deltaforge Commerce,Thomas,Janssens,crm_con_0123,unassigned,false,,false,
con_0127,acc_012,Deltaforge Commerce,Zoé,Lambert,crm_con_0127,unassigned,false,,false,
con_0128,acc_012,Deltaforge Commerce,Thomas,Claes,crm_con_0128,unassigned,false,,false,
con_0129,acc_012,Deltaforge Commerce,Camille,Dubois,crm_con_0129,unassigned,false,,false,
con_0132,acc_013,Emberfield Mobility,Matilde,Costa,crm_con_0132,thomas.chen,true,2026-08-07,false,
con_0133,acc_013,Emberfield Mobility,Sofia,Carvalho,crm_con_0133,thomas.chen,false,2026-08-07,false,
con_0134,acc_013,Emberfield Mobility,Gonçalo,Gonçalves,crm_con_0134,unassigned,false,,false,
con_0138,acc_013,Emberfield Mobility,Sofia,Pereira,crm_con_0138,unassigned,false,,false,
con_0139,acc_013,Emberfield Mobility,Gonçalo,Almeida,crm_con_0139,unassigned,false,,false,
con_0140,acc_013,Emberfield Mobility,Carolina,Sousa,crm_con_0140,unassigned,false,,false,
con_0135,acc_013,Emberfield Mobility,Carolina,Oliveira,crm_con_0135,unassigned,false,,false,
con_0136,acc_013,Emberfield Mobility,Miguel,Ribeiro,crm_con_0136,unassigned,false,,false,
con_0137,acc_013,Emberfield Mobility,Matilde,Fernandes,crm_con_0137,unassigned,false,,false,
con_0141,acc_013,Emberfield Mobility,Miguel,Ferreira,crm_con_0141,unassigned,false,,false,
con_0142,acc_013,Emberfield Mobility,Matilde,Alves,crm_con_0142,unassigned,false,,false,
con_0143,acc_014,Fableworks Services,Sofia,Saarinen,crm_con_0143,priya.nair,false,2026-08-13,false,
con_0144,acc_014,Fableworks Services,Iida,Mäkelä,crm_con_0144,priya.nair,false,2026-08-13,false,
con_0148,acc_014,Fableworks Services,Sofia,Rantanen,crm_con_0148,unassigned,false,,false,
con_0149,acc_014,Fableworks Services,Iida,Järvinen,crm_con_0149,unassigned,false,,false,
con_0150,acc_014,Fableworks Services,Emil,Mäkinen,crm_con_0150,unassigned,false,,false,
con_0154,acc_014,Fableworks Services,Iida,Niemi,crm_con_0154,unassigned,false,,false,
con_0145,acc_014,Fableworks Services,Emil,Tuominen,crm_con_0145,unassigned,false,,false,
con_0146,acc_014,Fableworks Services,Venla,Lehtonen,crm_con_0146,unassigned,false,,false,
con_0147,acc_014,Fableworks Services,Oliver,Nieminen,crm_con_0147,unassigned,false,,false,
con_0151,acc_014,Fableworks Services,Venla,Koskela,crm_con_0151,unassigned,false,,false,
con_0153,acc_014,Fableworks Services,Sofia,Virtanen,crm_con_0153,unassigned,false,,false,
con_0152,acc_014,Fableworks Services,Oliver,Koskinen,crm_con_0152,unassigned,false,,false,
con_0155,acc_015,Graniteway Works,Evelyn,Rodriguez,crm_con_0155,unassigned,false,,false,
con_0159,acc_015,Graniteway Works,Ava,Smith,crm_con_0159,unassigned,false,,false,
con_0160,acc_015,Graniteway Works,Evelyn,Wilson,crm_con_0160,unassigned,false,,false,
con_0161,acc_015,Graniteway Works,Henry,Miller,crm_con_0161,unassigned,false,,false,
con_0165,acc_015,Graniteway Works,Evelyn,Jackson,crm_con_0165,unassigned,false,,false,
con_0166,acc_015,Graniteway Works,Henry,Lopez,crm_con_0166,unassigned,false,,false,
con_0167,acc_015,Graniteway Works,Isabella,Jones,crm_con_0167,unassigned,false,,false,
con_0156,acc_015,Graniteway Works,Henry,Johnson,crm_con_0156,unassigned,false,,false,
con_0157,acc_015,Graniteway Works,Isabella,Anderson,crm_con_0157,unassigned,false,,false,
con_0158,acc_015,Graniteway Works,Oliver,Davis,crm_con_0158,unassigned,false,,false,
con_0163,acc_015,Graniteway Works,Oliver,Gonzalez,crm_con_0163,unassigned,false,,false,
con_0164,acc_015,Graniteway Works,Ava,Garcia,crm_con_0164,unassigned,false,,false,
con_0162,acc_015,Graniteway Works,Isabella,Martin,crm_con_0162,unassigned,false,,false,
con_0171,acc_016,Juniperlane Networks,Chloé,David,crm_con_0171,alex.morgan,false,2026-05-16,false,
con_0173,acc_016,Juniperlane Networks,Inès,Martin,crm_con_0173,unassigned,false,,false,
con_0177,acc_016,Juniperlane Networks,Baptiste,Michel,crm_con_0177,unassigned,false,,false,
con_0168,acc_016,Juniperlane Networks,Inès,Bertrand,crm_con_0168,unassigned,false,,false,
con_0169,acc_016,Juniperlane Networks,Hugo,Moreau,crm_con_0169,unassigned,false,,false,
con_0170,acc_016,Juniperlane Networks,Mathieu,Dubois,crm_con_0170,unassigned,false,,false,
con_0174,acc_016,Juniperlane Networks,Hugo,Garcia,crm_con_0174,unassigned,false,,false,
con_0175,acc_016,Juniperlane Networks,Mathieu,Durand,crm_con_0175,unassigned,false,,false,
con_0176,acc_016,Juniperlane Networks,Chloé,Bernard,crm_con_0176,unassigned,false,,false,
con_0172,acc_016,Juniperlane Networks,Baptiste,Leroy,crm_con_0172,unassigned,false,,false,
con_0179,acc_017,Latticepoint Industries,Emily,Williams,crm_con_0179,unassigned,false,,false,
con_0180,acc_017,Latticepoint Industries,George,Edwards,crm_con_0180,unassigned,false,,false,
con_0185,acc_017,Latticepoint Industries,George,Taylor,crm_con_0185,unassigned,false,,false,
con_0186,acc_017,Latticepoint Industries,James,White,crm_con_0186,unassigned,false,,false,
con_0178,acc_017,Latticepoint Industries,Noah,Walker,crm_con_0178,unassigned,false,,false,
con_0181,acc_017,Latticepoint Industries,James,Johnson,crm_con_0181,unassigned,false,,false,
con_0183,acc_017,Latticepoint Industries,Noah,Hughes,crm_con_0183,unassigned,false,,false,
con_0184,acc_017,Latticepoint Industries,Emily,Roberts,crm_con_0184,unassigned,false,,false,
con_0187,acc_017,Latticepoint Industries,Ella,Thomas,crm_con_0187,unassigned,false,,false,
con_0188,acc_017,Latticepoint Industries,Noah,Jones,crm_con_0188,unassigned,false,,false,
con_0182,acc_017,Latticepoint Industries,Ella,Brown,crm_con_0182,unassigned,false,,false,
con_0189,acc_018,Meadowcrest Energy,Álvaro,Romero,crm_con_0189,thomas.chen,true,2026-08-27,false,
con_0190,acc_018,Meadowcrest Energy,Paula,Jiménez,crm_con_0190,thomas.chen,false,2026-08-27,false,
con_0195,acc_018,Meadowcrest Energy,Paula,Muñoz,crm_con_0195,unassigned,false,,false,
con_0196,acc_018,Meadowcrest Energy,Mateo,Gómez,crm_con_0196,unassigned,false,,false,
con_0191,acc_018,Meadowcrest Energy,Mateo,Rodríguez,crm_con_0191,unassigned,false,,false,
con_0193,acc_018,Meadowcrest Energy,Marta,Martín,crm_con_0193,unassigned,false,,false,
con_0194,acc_018,Meadowcrest Energy,Álvaro,González,crm_con_0194,unassigned,false,,false,
con_0197,acc_018,Meadowcrest Energy,Adrián,Fernández,crm_con_0197,unassigned,false,,false,
con_0198,acc_018,Meadowcrest Energy,Marta,Moreno,crm_con_0198,unassigned,false,,false,
con_0199,acc_018,Meadowcrest Energy,Álvaro,Pérez,crm_con_0199,unassigned,false,,false,
con_0200,acc_018,Meadowcrest Energy,Paula,García,crm_con_0200,unassigned,false,,false,
con_0192,acc_018,Meadowcrest Energy,Adrián,Álvarez,crm_con_0192,unassigned,false,,false,
con_0201,acc_019,Northstar Cloud,Julia,Vos,crm_con_0201,priya.nair,false,2026-05-31,false,
con_0205,acc_019,Northstar Cloud,Milan,Janssen,crm_con_0205,unassigned,false,,false,
con_0207,acc_019,Northstar Cloud,Daan,de Groot,crm_con_0207,unassigned,false,,false,
con_0208,acc_019,Northstar Cloud,Lars,Bakker,crm_con_0208,unassigned,false,,false,
con_0203,acc_019,Northstar Cloud,Lars,de Jong,crm_con_0203,unassigned,false,,false,
con_0204,acc_019,Northstar Cloud,Eva,Bos,crm_con_0204,unassigned,false,,false,
con_0209,acc_019,Northstar Cloud,Eva,Dekker,crm_con_0209,unassigned,false,,false,
con_0206,acc_019,Northstar Cloud,Julia,Brouwer,crm_con_0206,unassigned,false,,false,
con_0202,acc_019,Northstar Cloud,Daan,Visser,crm_con_0202,unassigned,false,,false,
con_0210,acc_020,Orbitwell Systems,Laura,Møller,crm_con_0210,unassigned,false,,false,
con_0213,acc_020,Orbitwell Systems,Oscar,Johansen,crm_con_0213,unassigned,false,,false,
con_0215,acc_020,Orbitwell Systems,Laura,Pedersen,crm_con_0215,unassigned,false,,false,
con_0216,acc_020,Orbitwell Systems,Oliver,Poulsen,crm_con_0216,unassigned,false,,false,
con_0219,acc_020,Orbitwell Systems,Freja,Christiansen,crm_con_0219,unassigned,false,,false,
con_0211,acc_020,Orbitwell Systems,Oliver,Madsen,crm_con_0211,unassigned,false,,false,
con_0217,acc_020,Orbitwell Systems,Alma,Jørgensen,crm_con_0217,unassigned,false,,false,
con_0218,acc_020,Orbitwell Systems,Oscar,Hansen,crm_con_0218,unassigned,false,,false,
con_0214,acc_020,Orbitwell Systems,Freja,Petersen,crm_con_0214,unassigned,false,,false,
con_0220,acc_020,Orbitwell Systems,Laura,Rasmussen,crm_con_0220,unassigned,false,,false,
con_0212,acc_020,Orbitwell Systems,Alma,Andersen,crm_con_0212,unassigned,false,,false,
con_0225,acc_021,Pinebridge Digital,Nora,Bachmann,crm_con_0225,unassigned,false,,false,
con_0226,acc_021,Pinebridge Digital,Alina,Baumann,crm_con_0226,unassigned,false,,false,
con_0228,acc_021,Pinebridge Digital,Laura,Roth,crm_con_0228,unassigned,false,,false,
con_0231,acc_021,Pinebridge Digital,Alina,Zimmermann,crm_con_0231,unassigned,false,,false,
con_0232,acc_021,Pinebridge Digital,Nico,Fischer,crm_con_0232,unassigned,false,,false,
con_0221,acc_021,Pinebridge Digital,Alina,Weber,crm_con_0221,unassigned,false,,false,
con_0223,acc_021,Pinebridge Digital,Laura,Gerber,crm_con_0223,unassigned,false,,false,
con_0224,acc_021,Pinebridge Digital,Leon,Keller,crm_con_0224,unassigned,false,,false,
con_0227,acc_021,Pinebridge Digital,Nico,Schmid,crm_con_0227,unassigned,false,,false,
con_0229,acc_021,Pinebridge Digital,Leon,Steiner,crm_con_0229,unassigned,false,,false,
con_0230,acc_021,Pinebridge Digital,Nora,Meier,crm_con_0230,unassigned,false,,false,
con_0222,acc_021,Pinebridge Digital,Nico,Hofer,crm_con_0222,unassigned,false,,false,
con_0233,acc_022,Quartzline Platforms,Leo,Brown,crm_con_0233,unassigned,false,,false,
con_0236,acc_022,Quartzline Platforms,Jack,Smith,crm_con_0236,unassigned,false,,false,
con_0237,acc_022,Quartzline Platforms,Ava,Thompson,crm_con_0237,unassigned,false,,false,
con_0239,acc_022,Quartzline Platforms,Amelia,Clark,crm_con_0239,unassigned,false,,false,
con_0242,acc_022,Quartzline Platforms,Ava,White,crm_con_0242,unassigned,false,,false,
con_0245,acc_022,Quartzline Platforms,William,Miller,crm_con_0245,unassigned,false,,false,
con_0234,acc_022,Quartzline Platforms,Amelia,Bouchard,crm_con_0234,unassigned,false,,false,
con_0235,acc_022,Quartzline Platforms,William,Wilson,crm_con_0235,unassigned,false,,false,
con_0238,acc_022,Quartzline Platforms,Leo,Lee,crm_con_0238,unassigned,false,,false,
con_0240,acc_022,Quartzline Platforms,William,Anderson,crm_con_0240,unassigned,false,,false,
con_0241,acc_022,Quartzline Platforms,Jack,Gagnon,crm_con_0241,unassigned,false,,false,
con_0244,acc_022,Quartzline Platforms,Amelia,Roy,crm_con_0244,unassigned,false,,false,
con_0243,acc_022,Quartzline Platforms,Leo,Campbell,crm_con_0243,unassigned,false,,false,
con_0246,acc_023,Riverstone Health,Matilda,Anderson,crm_con_0246,thomas.chen,false,2026-06-20,false,
con_0248,acc_023,Riverstone Health,Ava,Lee,crm_con_0248,unassigned,false,,false,
con_0249,acc_023,Riverstone Health,William,Martin,crm_con_0249,unassigned,false,,false,
con_0250,acc_023,Riverstone Health,Olivia,Jones,crm_con_0250,unassigned,false,,false,
con_0252,acc_023,Riverstone Health,Theodore,White,crm_con_0252,unassigned,false,,false,
con_0254,acc_023,Riverstone Health,William,Walker,crm_con_0254,unassigned,false,,false,
con_0255,acc_023,Riverstone Health,Olivia,Johnson,crm_con_0255,unassigned,false,,false,
con_0247,acc_023,Riverstone Health,Theodore,Williams,crm_con_0247,unassigned,false,,false,
con_0251,acc_023,Riverstone Health,Matilda,Harris,crm_con_0251,unassigned,false,,false,
con_0253,acc_023,Riverstone Health,Ava,Smith,crm_con_0253,unassigned,false,,false,
con_0257,acc_024,Silvergrove Advisory,Oliver,Edwards,crm_con_0257,priya.nair,false,2026-08-16,false,
con_0258,acc_024,Silvergrove Advisory,Oscar,Johnson,crm_con_0258,priya.nair,false,2026-08-16,false,
con_0259,acc_024,Silvergrove Advisory,Maya,Brown,crm_con_0259,unassigned,false,,false,
con_0261,acc_024,Silvergrove Advisory,Isla,Roberts,crm_con_0261,unassigned,false,,false,
con_0264,acc_024,Silvergrove Advisory,Maya,Thomas,crm_con_0264,unassigned,false,,false,
con_0265,acc_024,Silvergrove Advisory,Jack,Jones,crm_con_0265,unassigned,false,,false,
con_0256,acc_024,Silvergrove Advisory,Isla,Williams,crm_con_0256,unassigned,false,,false,
con_0260,acc_024,Silvergrove Advisory,Jack,Hughes,crm_con_0260,unassigned,false,,false,
con_0262,acc_024,Silvergrove Advisory,Oliver,Taylor,crm_con_0262,unassigned,false,,false,
con_0266,acc_024,Silvergrove Advisory,Isla,Robinson,crm_con_0266,unassigned,false,,false,
con_0263,acc_024,Silvergrove Advisory,Oscar,White,crm_con_0263,unassigned,false,,false,
con_0267,acc_025,Summitline Analytics,Mia,Koch,crm_con_0267,oliver.bennett,true,2026-08-09,false,
con_0268,acc_025,Summitline Analytics,Paul,Fischer,crm_con_0268,oliver.bennett,false,2026-08-09,false,
con_0270,acc_025,Summitline Analytics,Emma,Hoffmann,crm_con_0270,unassigned,false,,false,
con_0274,acc_025,Summitline Analytics,Ben,Schmidt,crm_con_0274,unassigned,false,,false,
con_0276,acc_025,Summitline Analytics,Felix,Becker,crm_con_0276,unassigned,false,,false,
con_0269,acc_025,Summitline Analytics,Ben,Neumann,crm_con_0269,unassigned,false,,false,
con_0271,acc_025,Summitline Analytics,Felix,Schneider,crm_con_0271,unassigned,false,,false,
con_0275,acc_025,Summitline Analytics,Emma,Wolf,crm_con_0275,unassigned,false,,false,
con_0277,acc_025,Summitline Analytics,Mia,Müller,crm_con_0277,unassigned,false,,false,
con_0272,acc_025,Summitline Analytics,Mia,Schröder,crm_con_0272,unassigned,false,,false,
con_0278,acc_025,Summitline Analytics,Paul,Klein,crm_con_0278,unassigned,false,,false,
con_0273,acc_025,Summitline Analytics,Paul,Schulz,crm_con_0273,unassigned,false,,false,
con_0279,acc_026,Terravale Labs,Valentina,Ricci,crm_con_0279,unassigned,false,,false,
con_0281,acc_026,Terravale Labs,Alice,De Luca,crm_con_0281,unassigned,false,,false,
con_0284,acc_026,Terravale Labs,Valentina,Conti,crm_con_0284,unassigned,false,,false,
con_0285,acc_026,Terravale Labs,Luca,Romano,crm_con_0285,unassigned,false,,false,
con_0287,acc_026,Terravale Labs,Francesco,Gallo,crm_con_0287,unassigned,false,,false,
con_0280,acc_026,Terravale Labs,Luca,Rossi,crm_con_0280,unassigned,false,,false,
con_0282,acc_026,Terravale Labs,Francesco,Colombo,crm_con_0282,unassigned,false,,false,
con_0286,acc_026,Terravale Labs,Alice,Lombardi,crm_con_0286,unassigned,false,,false,
con_0283,acc_026,Terravale Labs,Sofia,Moretti,crm_con_0283,unassigned,false,,false,
con_0289,acc_027,Vantagefield Collective,Camille,Mertens,crm_con_0289,samira.lee,false,2026-05-11,false,
con_0294,acc_027,Vantagefield Collective,Camille,De Smet,crm_con_0294,unassigned,false,,false,
con_0288,acc_027,Vantagefield Collective,Thomas,Vermeulen,crm_con_0288,unassigned,false,,false,
con_0290,acc_027,Vantagefield Collective,Arthur,Leroy,crm_con_0290,unassigned,false,,false,
con_0292,acc_027,Vantagefield Collective,Zoé,Jacobs,crm_con_0292,unassigned,false,,false,
con_0295,acc_027,Vantagefield Collective,Arthur,Maes,crm_con_0295,unassigned,false,,false,
con_0297,acc_027,Vantagefield Collective,Zoé,Wouters,crm_con_0297,unassigned,false,,false,
con_0298,acc_027,Vantagefield Collective,Thomas,Janssens,crm_con_0298,unassigned,false,,false,
con_0291,acc_027,Vantagefield Collective,Simon,De Vos,crm_con_0291,unassigned,false,,false,
con_0296,acc_027,Vantagefield Collective,Simon,Leclercq,crm_con_0296,unassigned,false,,false,
con_0293,acc_027,Vantagefield Collective,Thomas,Simon,crm_con_0293,unassigned,false,,false,
con_0299,acc_028,Willowgate Commerce,David,Schwarz,crm_con_0299,thomas.chen,true,2026-08-21,false,
con_0300,acc_028,Willowgate Commerce,Lena,Leitner,crm_con_0300,thomas.chen,false,2026-08-21,false,
con_0302,acc_028,Willowgate Commerce,Tobias,Wallner,crm_con_0302,unassigned,false,,false,
con_0304,acc_028,Willowgate Commerce,David,Wagner,crm_con_0304,unassigned,false,,false,
con_0305,acc_028,Willowgate Commerce,Lena,Brunner,crm_con_0305,unassigned,false,,false,
con_0307,acc_028,Willowgate Commerce,Tobias,Huber,crm_con_0307,unassigned,false,,false,
con_0308,acc_028,Willowgate Commerce,Mia,Mayr,crm_con_0308,unassigned,false,,false,
con_0309,acc_028,Willowgate Commerce,David,Berger,crm_con_0309,unassigned,false,,false,
con_0310,acc_028,Willowgate Commerce,Lena,Gruber,crm_con_0310,unassigned,false,,false,
con_0301,acc_028,Willowgate Commerce,Lukas,Müller,crm_con_0301,unassigned,false,,false,
con_0306,acc_028,Willowgate Commerce,Lukas,Hofer,crm_con_0306,unassigned,false,,false,
con_0303,acc_028,Willowgate Commerce,Mia,Eder,crm_con_0303,unassigned,false,,false,
con_0312,acc_029,Wintermere Mobility,Jakub,Veselý,crm_con_0312,priya.nair,true,2026-08-25,false,
con_0314,acc_029,Wintermere Mobility,Karolína,Hájek,crm_con_0314,priya.nair,false,2026-08-25,false,
con_0315,acc_029,Wintermere Mobility,Filip,Kučera,crm_con_0315,unassigned,false,,false,
con_0318,acc_029,Wintermere Mobility,David,Procházka,crm_con_0318,unassigned,false,,false,
con_0320,acc_029,Wintermere Mobility,Filip,Pospíšil,crm_con_0320,unassigned,false,,false,
con_0321,acc_029,Wintermere Mobility,Eliška,Černý,crm_con_0321,unassigned,false,,false,
con_0311,acc_029,Wintermere Mobility,Eliška,Král,crm_con_0311,unassigned,false,,false,
con_0316,acc_029,Wintermere Mobility,Eliška,Sedláček,crm_con_0316,unassigned,false,,false,
con_0317,acc_029,Wintermere Mobility,Jakub,Pokorný,crm_con_0317,unassigned,false,,false,
con_0319,acc_029,Wintermere Mobility,Karolína,Fiala,crm_con_0319,unassigned,false,,false,
con_0322,acc_029,Wintermere Mobility,Jakub,Beneš,crm_con_0322,unassigned,false,,false,
con_0323,acc_029,Wintermere Mobility,David,Marek,crm_con_0323,unassigned,false,,false,
con_0313,acc_029,Wintermere Mobility,David,Novák,crm_con_0313,unassigned,false,,false,
con_0324,acc_030,Brightpath Services,Henry,Williams,crm_con_0324,unassigned,false,,false,
con_0326,acc_030,Brightpath Services,Oliver,Rodriguez,crm_con_0326,unassigned,false,,false,
con_0327,acc_030,Brightpath Services,Ava,Johnson,crm_con_0327,unassigned,false,,false,
con_0330,acc_030,Brightpath Services,Isabella,Smith,crm_con_0330,unassigned,false,,false,
con_0332,acc_030,Brightpath Services,Ava,Miller,crm_con_0332,unassigned,false,,false,
con_0333,acc_030,Brightpath Services,Evelyn,Martin,crm_con_0333,unassigned,false,,false,
con_0325,acc_030,Brightpath Services,Isabella,Thomas,crm_con_0325,unassigned,false,,false,
con_0328,acc_030,Brightpath Services,Evelyn,Anderson,crm_con_0328,unassigned,false,,false,
con_0329,acc_030,Brightpath Services,Henry,Davis,crm_con_0329,unassigned,false,,false,
con_0331,acc_030,Brightpath Services,Oliver,Wilson,crm_con_0331,unassigned,false,,false,
con_0334,acc_031,Cedarpoint Works,Clara,Roux,crm_con_0334,alex.morgan,false,2026-08-10,false,
con_0335,acc_031,Cedarpoint Works,Julien,Simon,crm_con_0335,alex.morgan,false,2026-08-10,false,
con_0336,acc_031,Cedarpoint Works,Sophie,Thomas,crm_con_0336,unassigned,false,,false,
con_0337,acc_031,Cedarpoint Works,Thomas,Bertrand,crm_con_0337,unassigned,false,,false,
con_0339,acc_031,Cedarpoint Works,Clara,Dubois,crm_con_0339,unassigned,false,,false,
con_0340,acc_031,Cedarpoint Works,Julien,David,crm_con_0340,unassigned,false,,false,
con_0341,acc_031,Cedarpoint Works,Sophie,Leroy,crm_con_0341,unassigned,false,,false,
con_0342,acc_031,Cedarpoint Works,Thomas,Martin,crm_con_0342,unassigned,false,,false,
con_0338,acc_031,Cedarpoint Works,Élodie,Moreau,crm_con_0338,unassigned,false,,false,
con_0343,acc_031,Cedarpoint Works,Élodie,Garcia,crm_con_0343,unassigned,false,,false,
con_0344,acc_031,Cedarpoint Works,Clara,Durand,crm_con_0344,unassigned,false,,false,
con_0345,acc_032,Harborstone Networks,Marie,Fischer,crm_con_0345,samira.lee,true,2026-08-14,false,
con_0346,acc_032,Harborstone Networks,Elias,Neumann,crm_con_0346,samira.lee,false,2026-08-14,false,
con_0350,acc_032,Harborstone Networks,Marie,Schulz,crm_con_0350,unassigned,false,,false,
con_0351,acc_032,Harborstone Networks,Elias,Schmidt,crm_con_0351,unassigned,false,,false,
con_0355,acc_032,Harborstone Networks,Marie,Klein,crm_con_0355,unassigned,false,,false,
con_0356,acc_032,Harborstone Networks,Elias,Wagner,crm_con_0356,unassigned,false,,false,
con_0347,acc_032,Harborstone Networks,Clara,Hoffmann,crm_con_0347,unassigned,false,,false,
con_0348,acc_032,Harborstone Networks,Lukas,Schneider,crm_con_0348,unassigned,false,,false,
con_0349,acc_032,Harborstone Networks,Leonie,Schröder,crm_con_0349,unassigned,false,,false,
con_0352,acc_032,Harborstone Networks,Clara,Wolf,crm_con_0352,unassigned,false,,false,
con_0353,acc_032,Harborstone Networks,Lukas,Becker,crm_con_0353,unassigned,false,,false,
con_0354,acc_032,Harborstone Networks,Leonie,Müller,crm_con_0354,unassigned,false,,false,
con_0359,acc_033,Ironvale Industries,Daniel,Sánchez,crm_con_0359,unassigned,false,,true,
con_0360,acc_033,Ironvale Industries,Lucía,Navarro,crm_con_0360,unassigned,false,,true,
con_0361,acc_033,Ironvale Industries,Clara,Hernández,crm_con_0361,unassigned,false,,true,
con_0365,acc_033,Ironvale Industries,Lucía,López,crm_con_0365,unassigned,false,,true,
con_0358,acc_033,Ironvale Industries,Carmen,Díaz,crm_con_0358,unassigned,false,,true,
con_0363,acc_033,Ironvale Industries,Carmen,Alonso,crm_con_0363,unassigned,false,,true,
con_0357,acc_033,Ironvale Industries,Diego,García,crm_con_0357,unassigned,false,,true,
con_0362,acc_033,Ironvale Industries,Diego,Martínez,crm_con_0362,unassigned,false,,true,
con_0364,acc_033,Ironvale Industries,Daniel,Ruiz,crm_con_0364,unassigned,false,,true,
con_0370,acc_034,Mapleworks Energy,Milan,Hendriks,crm_con_0370,unassigned,false,,true,
con_0375,acc_034,Mapleworks Energy,Milan,Jansen,crm_con_0375,unassigned,false,,true,
con_0366,acc_034,Mapleworks Energy,Julia,van Dijk,crm_con_0366,unassigned,false,,true,
con_0368,acc_034,Mapleworks Energy,Lars,de Boer,crm_con_0368,unassigned,false,,true,
con_0369,acc_034,Mapleworks Energy,Eva,van den Berg,crm_con_0369,unassigned,false,,true,
con_0371,acc_034,Mapleworks Energy,Julia,Meijer,crm_con_0371,unassigned,false,,true,
con_0373,acc_034,Mapleworks Energy,Lars,Peters,crm_con_0373,unassigned,false,,true,
con_0376,acc_034,Mapleworks Energy,Julia,Vos,crm_con_0376,unassigned,false,,true,
con_0367,acc_034,Mapleworks Energy,Daan,van Leeuwen,crm_con_0367,unassigned,false,,true,
con_0372,acc_034,Mapleworks Energy,Daan,de Vries,crm_con_0372,unassigned,false,,true,
con_0374,acc_034,Mapleworks Energy,Eva,Smit,crm_con_0374,unassigned,false,,true,
con_0379,acc_035,Noviant Cloud,Eoin,Murray,crm_con_0379,oliver.bennett,true,2026-08-26,false,
con_0380,acc_035,Noviant Cloud,Grace,O'Neill,crm_con_0380,oliver.bennett,false,2026-08-26,false,
con_0382,acc_035,Noviant Cloud,Clodagh,Lynch,crm_con_0382,unassigned,false,,false,
con_0385,acc_035,Noviant Cloud,Grace,Kennedy,crm_con_0385,unassigned,false,,false,
con_0386,acc_035,Noviant Cloud,Seán,Ryan,crm_con_0386,unassigned,false,,false,
con_0388,acc_035,Noviant Cloud,Cian,Doherty,crm_con_0388,unassigned,false,,false,
con_0377,acc_035,Noviant Cloud,Clodagh,Doyle,crm_con_0377,unassigned,false,,false,
con_0378,acc_035,Noviant Cloud,Cian,Walsh,crm_con_0378,unassigned,false,,false,
con_0381,acc_035,Noviant Cloud,Seán,O'Sullivan,crm_con_0381,unassigned,false,,false,
con_0383,acc_035,Noviant Cloud,Cian,O'Connor,crm_con_0383,unassigned,false,,false,
con_0387,acc_035,Noviant Cloud,Clodagh,Murphy,crm_con_0387,unassigned,false,,false,
con_0384,acc_035,Noviant Cloud,Eoin,Kelly,crm_con_0384,unassigned,false,,false,
con_0390,acc_036,Oakridge Systems,Elias,Hansen,crm_con_0390,alex.morgan,false,2026-08-25,false,
con_0391,acc_036,Oakridge Systems,Ida,Berg,crm_con_0391,alex.morgan,false,2026-08-25,false,
con_0393,acc_036,Oakridge Systems,Emma,Dahl,crm_con_0393,unassigned,false,,false,
con_0396,acc_036,Oakridge Systems,Ida,Solberg,crm_con_0396,unassigned,false,,false,
con_0397,acc_036,Oakridge Systems,Isak,Pettersen,crm_con_0397,unassigned,false,,false,
con_0399,acc_036,Oakridge Systems,Leah,Bakken,crm_con_0399,unassigned,false,,false,
con_0389,acc_036,Oakridge Systems,Leah,Kristiansen,crm_con_0389,unassigned,false,,false,
con_0392,acc_036,Oakridge Systems,Isak,Nilsen,crm_con_0392,unassigned,false,,false,
con_0395,acc_036,Oakridge Systems,Elias,Pedersen,crm_con_0395,unassigned,false,,false,
con_0398,acc_036,Oakridge Systems,Emma,Andersen,crm_con_0398,unassigned,false,,false,
con_0400,acc_036,Oakridge Systems,Elias,Johnsen,crm_con_0400,unassigned,false,,false,
con_0401,acc_036,Oakridge Systems,Ida,Larsen,crm_con_0401,unassigned,false,,false,
con_0394,acc_036,Oakridge Systems,Leah,Eriksen,crm_con_0394,unassigned,false,,false,
con_0402,acc_037,Redwoodline Digital,Sophia,Thomas,crm_con_0402,samira.lee,false,2026-08-01,false,
con_0403,acc_037,Redwoodline Digital,Noah,Rodriguez,crm_con_0403,samira.lee,false,2026-08-01,false,
con_0408,acc_037,Redwoodline Digital,Noah,Wilson,crm_con_0408,unassigned,false,,false,
con_0409,acc_037,Redwoodline Digital,Theodore,Miller,crm_con_0409,unassigned,false,,false,
con_0410,acc_037,Redwoodline Digital,Harper,Martin,crm_con_0410,unassigned,false,,false,
con_0405,acc_037,Redwoodline Digital,Harper,Anderson,crm_con_0405,unassigned,false,,false,
con_0406,acc_037,Redwoodline Digital,William,Davis,crm_con_0406,unassigned,false,,false,
con_0407,acc_037,Redwoodline Digital,Sophia,Smith,crm_con_0407,unassigned,false,,false,
con_0411,acc_037,Redwoodline Digital,William,Gonzalez,crm_con_0411,unassigned,false,,false,
con_0404,acc_037,Redwoodline Digital,Theodore,Johnson,crm_con_0404,unassigned,false,,false,
con_0412,acc_038,Skyward Platforms,Antoine,Simon,crm_con_0412,unassigned,false,,false,
con_0413,acc_038,Skyward Platforms,Manon,Thomas,crm_con_0413,unassigned,false,,false,
con_0417,acc_038,Skyward Platforms,Antoine,David,crm_con_0417,unassigned,false,,false,
con_0418,acc_038,Skyward Platforms,Manon,Leroy,crm_con_0418,unassigned,false,,false,
con_0419,acc_038,Skyward Platforms,Arthur,Martin,crm_con_0419,unassigned,false,,false,
con_0415,acc_038,Skyward Platforms,Camille,Moreau,crm_con_0415,unassigned,false,,false,
con_0416,acc_038,Skyward Platforms,Nina,Dubois,crm_con_0416,unassigned,false,,false,
con_0420,acc_038,Skyward Platforms,Camille,Garcia,crm_con_0420,unassigned,false,,false,
con_0421,acc_038,Skyward Platforms,Nina,Durand,crm_con_0421,unassigned,false,,false,
con_0422,acc_038,Skyward Platforms,Antoine,Bernard,crm_con_0422,unassigned,false,,false,
con_0414,acc_038,Skyward Platforms,Arthur,Bertrand,crm_con_0414,unassigned,false,,false,
con_0423,acc_039,Solstice Health,Henry,Hughes,crm_con_0423,unassigned,false,,false,
con_0427,acc_039,Solstice Health,Freya,Thomas,crm_con_0427,unassigned,false,,false,
con_0428,acc_039,Solstice Health,Henry,Jones,crm_con_0428,unassigned,false,,false,
con_0429,acc_039,Solstice Health,Grace,Robinson,crm_con_0429,unassigned,false,,false,
con_0433,acc_039,Solstice Health,Henry,Davies,crm_con_0433,unassigned,false,,false,
con_0434,acc_039,Solstice Health,Grace,Hall,crm_con_0434,unassigned,false,,false,
con_0425,acc_039,Solstice Health,Arthur,Taylor,crm_con_0425,unassigned,false,,false,
con_0426,acc_039,Solstice Health,Amelia,White,crm_con_0426,unassigned,false,,false,
con_0430,acc_039,Solstice Health,Arthur,Evans,crm_con_0430,unassigned,false,,false,
con_0431,acc_039,Solstice Health,Amelia,Smith,crm_con_0431,unassigned,false,,false,
con_0432,acc_039,Solstice Health,Freya,Thompson,crm_con_0432,unassigned,false,,false,
con_0424,acc_039,Solstice Health,Grace,Roberts,crm_con_0424,unassigned,false,,false,
con_0438,acc_040,Westmere Advisory,Marta,Hernández,crm_con_0438,unassigned,false,,false,
con_0439,acc_040,Westmere Advisory,Álvaro,Martínez,crm_con_0439,unassigned,false,,false,
con_0440,acc_040,Westmere Advisory,Paula,Alonso,crm_con_0440,unassigned,false,,false,
con_0435,acc_040,Westmere Advisory,Paula,Díaz,crm_con_0435,unassigned,false,,false,
con_0436,acc_040,Westmere Advisory,Mateo,Sánchez,crm_con_0436,unassigned,false,,false,
con_0437,acc_040,Westmere Advisory,Adrián,Navarro,crm_con_0437,unassigned,false,,false,
con_0441,acc_040,Westmere Advisory,Mateo,Ruiz,crm_con_0441,unassigned,false,,false,
con_0442,acc_040,Westmere Advisory,Adrián,López,crm_con_0442,unassigned,false,,false,
con_0443,acc_040,Westmere Advisory,Marta,Romero,crm_con_0443,unassigned,false,,false,
con_0446,acc_041,Yarrow Analytics,Alice,Esposito,crm_con_0446,alex.morgan,true,2026-08-18,false,
con_0447,acc_041,Yarrow Analytics,Francesco,Giordano,crm_con_0447,alex.morgan,false,2026-08-18,false,
con_0448,acc_041,Yarrow Analytics,Sofia,Greco,crm_con_0448,unassigned,false,,false,
con_0452,acc_041,Yarrow Analytics,Francesco,Russo,crm_con_0452,unassigned,false,,false,
con_0453,acc_041,Yarrow Analytics,Sofia,Mancini,crm_con_0453,unassigned,false,,false,
con_0454,acc_041,Yarrow Analytics,Valentina,Ricci,crm_con_0454,unassigned,false,,false,
con_0445,acc_041,Yarrow Analytics,Luca,Bruno,crm_con_0445,unassigned,false,,false,
con_0449,acc_041,Yarrow Analytics,Valentina,Ferrari,crm_con_0449,unassigned,false,,false,
con_0450,acc_041,Yarrow Analytics,Luca,Costa,crm_con_0450,unassigned,false,,false,
con_0451,acc_041,Yarrow Analytics,Alice,Marino,crm_con_0451,unassigned,false,,false,
con_0444,acc_041,Yarrow Analytics,Valentina,Rizzo,crm_con_0444,unassigned,false,,false,
con_0456,acc_042,Asterline Labs,Oscar,Jakobsson,crm_con_0456,samira.lee,false,2026-05-26,false,
con_0457,acc_042,Asterline Labs,Ella,Gustafsson,crm_con_0457,unassigned,false,,false,
con_0458,acc_042,Asterline Labs,Noah,Karlsson,crm_con_0458,unassigned,false,,false,
con_0462,acc_042,Asterline Labs,Ella,Bengtsson,crm_con_0462,unassigned,false,,false,
con_0463,acc_042,Asterline Labs,Noah,Persson,crm_con_0463,unassigned,false,,false,
con_0464,acc_042,Asterline Labs,Astrid,Andersson,crm_con_0464,unassigned,false,,false,
con_0455,acc_042,Asterline Labs,Nora,Nilsson,crm_con_0455,unassigned,false,,false,
con_0459,acc_042,Asterline Labs,Astrid,Lindberg,crm_con_0459,unassigned,false,,false,
con_0460,acc_042,Asterline Labs,Nora,Svensson,crm_con_0460,unassigned,false,,false,
con_0461,acc_042,Asterline Labs,Oscar,Johansson,crm_con_0461,unassigned,false,,false,
con_0466,acc_042,Asterline Labs,Oscar,Olsson,crm_con_0466,unassigned,false,,false,
con_0465,acc_042,Asterline Labs,Nora,Hansson,crm_con_0465,unassigned,false,,false,
con_0467,acc_043,Bluehaven Collective,Mateusz,Nowak,crm_con_0467,thomas.chen,true,2026-08-12,false,
con_0472,acc_043,Bluehaven Collective,Mateusz,Kamiński,crm_con_0472,thomas.chen,false,2026-08-12,false,
con_0473,acc_043,Bluehaven Collective,Hanna,Pawłowski,crm_con_0473,unassigned,false,,false,
con_0478,acc_043,Bluehaven Collective,Hanna,Wójcik,crm_con_0478,unassigned,false,,false,
con_0479,acc_043,Bluehaven Collective,Jan,Piotrowski,crm_con_0479,unassigned,false,,false,
con_0468,acc_043,Bluehaven Collective,Hanna,Mazur,crm_con_0468,unassigned,false,,false,
con_0469,acc_043,Bluehaven Collective,Jan,Lewandowski,crm_con_0469,unassigned,false,,false,
con_0470,acc_043,Bluehaven Collective,Zofia,Michalski,crm_con_0470,unassigned,false,,false,
con_0471,acc_043,Bluehaven Collective,Wiktoria,Jankowski,crm_con_0471,unassigned,false,,false,
con_0474,acc_043,Bluehaven Collective,Jan,Kozłowski,crm_con_0474,unassigned,false,,false,
con_0476,acc_043,Bluehaven Collective,Wiktoria,Grabowski,crm_con_0476,unassigned,false,,false,
con_0477,acc_043,Bluehaven Collective,Mateusz,Woźniak,crm_con_0477,unassigned,false,,false,
con_0475,acc_043,Bluehaven Collective,Zofia,Kowalczyk,crm_con_0475,unassigned,false,,false,
con_0484,acc_044,Copperleaf Commerce,Emma,Smith,crm_con_0484,unassigned,false,,false,
con_0480,acc_044,Copperleaf Commerce,Oliver,Johnson,crm_con_0480,unassigned,false,,false,
con_0481,acc_044,Copperleaf Commerce,Theo,Brown,crm_con_0481,unassigned,false,,false,
con_0482,acc_044,Copperleaf Commerce,Chloe,Bouchard,crm_con_0482,unassigned,false,,false,
con_0483,acc_044,Copperleaf Commerce,Ethan,Wilson,crm_con_0483,unassigned,false,,false,
con_0486,acc_044,Copperleaf Commerce,Theo,Lee,crm_con_0486,unassigned,false,,false,
con_0487,acc_044,Copperleaf Commerce,Chloe,Clark,crm_con_0487,unassigned,false,,false,
con_0488,acc_044,Copperleaf Commerce,Ethan,Anderson,crm_con_0488,unassigned,false,,false,
con_0489,acc_044,Copperleaf Commerce,Emma,Gagnon,crm_con_0489,unassigned,false,,false,
con_0485,acc_044,Copperleaf Commerce,Oliver,Thompson,crm_con_0485,unassigned,false,,false,
con_0492,acc_045,Deltaforge Mobility,Adrian,Koh,crm_con_0492,oliver.bennett,false,2026-08-25,false,
con_0494,acc_045,Deltaforge Mobility,Benjamin,Ang,crm_con_0494,oliver.bennett,false,2026-08-25,false,
con_0498,acc_045,Deltaforge Mobility,Amelia,Ho,crm_con_0498,unassigned,false,,false,
con_0500,acc_045,Deltaforge Mobility,Maya,Chong,crm_con_0500,unassigned,false,,false,
con_0490,acc_045,Deltaforge Mobility,Maya,Ng,crm_con_0490,unassigned,false,,false,
con_0491,acc_045,Deltaforge Mobility,Ryan,Loh,crm_con_0491,unassigned,false,,false,
con_0496,acc_045,Deltaforge Mobility,Ryan,Lim,crm_con_0496,unassigned,false,,false,
con_0497,acc_045,Deltaforge Mobility,Adrian,Low,crm_con_0497,unassigned,false,,false,
con_0493,acc_045,Deltaforge Mobility,Amelia,Lee,crm_con_0493,unassigned,false,,false,
con_0499,acc_045,Deltaforge Mobility,Benjamin,Tan,crm_con_0499,unassigned,false,,false,
con_0495,acc_045,Deltaforge Mobility,Maya,Ong,crm_con_0495,unassigned,false,,false,
con_0502,acc_046,Emberfield Services,Louis,Dubois,crm_con_0502,alex.morgan,true,2026-08-24,false,
con_0504,acc_046,Emberfield Services,Amélie,Leroy,crm_con_0504,alex.morgan,false,2026-08-24,false,
con_0508,acc_046,Emberfield Services,Gabriel,Bernard,crm_con_0508,unassigned,false,,false,
con_0510,acc_046,Emberfield Services,Maxime,Petit,crm_con_0510,unassigned,false,,false,
con_0511,acc_046,Emberfield Services,Léa,Fournier,crm_con_0511,unassigned,false,,false,
con_0501,acc_046,Emberfield Services,Léa,Moreau,crm_con_0501,unassigned,false,,false,
con_0506,acc_046,Emberfield Services,Léa,Garcia,crm_con_0506,unassigned,false,,false,
con_0507,acc_046,Emberfield Services,Louis,Durand,crm_con_0507,unassigned,false,,false,
con_0512,acc_046,Emberfield Services,Louis,Lefebvre,crm_con_0512,unassigned,false,,false,
con_0503,acc_046,Emberfield Services,Gabriel,David,crm_con_0503,unassigned,false,,false,
con_0509,acc_046,Emberfield Services,Amélie,Michel,crm_con_0509,unassigned,false,,false,
con_0505,acc_046,Emberfield Services,Maxime,Martin,crm_con_0505,unassigned,false,,false,
con_0516,acc_047,Fableworks Works,Felix,Meyer,crm_con_0516,unassigned,false,,false,
con_0518,acc_047,Fableworks Works,Paul,Bauer,crm_con_0518,unassigned,false,,false,
con_0521,acc_047,Fableworks Works,Felix,Koch,crm_con_0521,unassigned,false,,false,
con_0513,acc_047,Fableworks Works,Paul,Wagner,crm_con_0513,unassigned,false,,false,
con_0514,acc_047,Fableworks Works,Ben,Braun,crm_con_0514,unassigned,false,,false,
con_0517,acc_047,Fableworks Works,Mia,Zimmermann,crm_con_0517,unassigned,false,,false,
con_0519,acc_047,Fableworks Works,Ben,Weber,crm_con_0519,unassigned,false,,false,
con_0520,acc_047,Fableworks Works,Emma,Schwarz,crm_con_0520,unassigned,false,,false,
con_0515,acc_047,Fableworks Works,Emma,Richter,crm_con_0515,unassigned,false,,false,
con_0523,acc_048,Graniteway Networks,Chiara,Esposito,crm_con_0523,unassigned,false,,false,
con_0524,acc_048,Graniteway Networks,Leonardo,Giordano,crm_con_0524,unassigned,false,,false,
con_0526,acc_048,Graniteway Networks,Elisa,Ferrari,crm_con_0526,unassigned,false,,false,
con_0529,acc_048,Graniteway Networks,Leonardo,Russo,crm_con_0529,unassigned,false,,false,
con_0530,acc_048,Graniteway Networks,Giulia,Mancini,crm_con_0530,unassigned,false,,false,
con_0532,acc_048,Graniteway Networks,Marco,Rossi,crm_con_0532,unassigned,false,,false,
con_0522,acc_048,Graniteway Networks,Marco,Bruno,crm_con_0522,unassigned,false,,false,
con_0527,acc_048,Graniteway Networks,Marco,Costa,crm_con_0527,unassigned,false,,false,
con_0528,acc_048,Graniteway Networks,Chiara,Marino,crm_con_0528,unassigned,false,,false,
con_0531,acc_048,Graniteway Networks,Elisa,Ricci,crm_con_0531,unassigned,false,,false,
con_0525,acc_048,Graniteway Networks,Giulia,Greco,crm_con_0525,unassigned,false,,false,
con_0533,acc_049,Juniperlane Industries,Jules,Simon,crm_con_0533,priya.nair,true,2026-08-13,false,
con_0534,acc_049,Juniperlane Industries,Jules,De Smet,crm_con_0534,priya.nair,false,2026-08-13,false,
con_0537,acc_049,Juniperlane Industries,Charlotte,Wouters,crm_con_0537,unassigned,false,,false,
con_0539,acc_049,Juniperlane Industries,Jules,Dupont,crm_con_0539,unassigned,false,,false,
con_0540,acc_049,Juniperlane Industries,Victor,Goossens,crm_con_0540,unassigned,false,,false,
con_0541,acc_049,Juniperlane Industries,Louise,Peeters,crm_con_0541,unassigned,false,,false,
con_0543,acc_049,Juniperlane Industries,Jules,Claes,crm_con_0543,unassigned,false,,false,
con_0536,acc_049,Juniperlane Industries,Louise,Leclercq,crm_con_0536,unassigned,false,,false,
con_0538,acc_049,Juniperlane Industries,Jules,Janssens,crm_con_0538,unassigned,false,,false,
con_0542,acc_049,Juniperlane Industries,Charlotte,Lambert,crm_con_0542,unassigned,false,,false,
con_0544,acc_049,Juniperlane Industries,Jules,Dubois,crm_con_0544,unassigned,false,,false,
con_0535,acc_049,Juniperlane Industries,Victor,Maes,crm_con_0535,unassigned,false,,false,
con_0546,acc_050,Latticepoint Energy,Martim,Rodrigues,crm_con_0546,unassigned,false,,false,
con_0548,acc_050,Latticepoint Energy,Joana,Gomes,crm_con_0548,unassigned,false,,false,
con_0550,acc_050,Latticepoint Energy,Leonor,Carvalho,crm_con_0550,unassigned,false,,false,
con_0551,acc_050,Latticepoint Energy,Martim,Gonçalves,crm_con_0551,unassigned,false,,false,
con_0552,acc_050,Latticepoint Energy,Pedro,Oliveira,crm_con_0552,unassigned,false,,false,
con_0554,acc_050,Latticepoint Energy,Afonso,Fernandes,crm_con_0554,unassigned,false,,false,
con_0557,acc_050,Latticepoint Energy,Pedro,Sousa,crm_con_0557,unassigned,false,,false,
con_0547,acc_050,Latticepoint Energy,Pedro,Teixeira,crm_con_0547,unassigned,false,,false,
con_0549,acc_050,Latticepoint Energy,Afonso,Costa,crm_con_0549,unassigned,false,,false,
con_0553,acc_050,Latticepoint Energy,Joana,Ribeiro,crm_con_0553,unassigned,false,,false,
con_0555,acc_050,Latticepoint Energy,Leonor,Pereira,crm_con_0555,unassigned,false,,false,
con_0545,acc_050,Latticepoint Energy,Leonor,Lopes,crm_con_0545,unassigned,false,,false,
con_0556,acc_050,Latticepoint Energy,Martim,Almeida,crm_con_0556,unassigned,false,,false,
con_0559,acc_051,Meadowcrest Cloud,Venla,Niemi,crm_con_0559,unassigned,false,,false,
con_0562,acc_051,Meadowcrest Cloud,Iida,Heinonen,crm_con_0562,unassigned,false,,false,
con_0563,acc_051,Meadowcrest Cloud,Emil,Laine,crm_con_0563,unassigned,false,,false,
con_0565,acc_051,Meadowcrest Cloud,Oliver,Salminen,crm_con_0565,unassigned,false,,false,
con_0558,acc_051,Meadowcrest Cloud,Emil,Virtanen,crm_con_0558,unassigned,false,,false,
con_0560,acc_051,Meadowcrest Cloud,Oliver,Heikkinen,crm_con_0560,unassigned,false,,false,
con_0564,acc_051,Meadowcrest Cloud,Venla,Mattila,crm_con_0564,unassigned,false,,false,
con_0561,acc_051,Meadowcrest Cloud,Sofia,Korhonen,crm_con_0561,unassigned,false,,false,
con_0567,acc_051,Meadowcrest Cloud,Iida,Karjalainen,crm_con_0567,unassigned,false,,false,
con_0566,acc_051,Meadowcrest Cloud,Sofia,Hämäläinen,crm_con_0566,unassigned,false,,false,
con_0568,acc_052,Northstar Systems,Liam,Taylor,crm_con_0568,unassigned,false,,false,
con_0571,acc_052,Northstar Systems,Elijah,Thomas,crm_con_0571,unassigned,false,,false,
con_0572,acc_052,Northstar Systems,Mia,Rodriguez,crm_con_0572,unassigned,false,,false,
con_0574,acc_052,Northstar Systems,Benjamin,Anderson,crm_con_0574,unassigned,false,,false,
con_0577,acc_052,Northstar Systems,Mia,Wilson,crm_con_0577,unassigned,false,,false,
con_0578,acc_052,Northstar Systems,Liam,Miller,crm_con_0578,unassigned,false,,false,
con_0569,acc_052,Northstar Systems,Benjamin,Martinez,crm_con_0569,unassigned,false,,false,
con_0573,acc_052,Northstar Systems,Liam,Johnson,crm_con_0573,unassigned,false,,false,
con_0575,acc_052,Northstar Systems,Amelia,Davis,crm_con_0575,unassigned,false,,false,
con_0570,acc_052,Northstar Systems,Amelia,Williams,crm_con_0570,unassigned,false,,false,
con_0576,acc_052,Northstar Systems,Elijah,Smith,crm_con_0576,unassigned,false,,false,
con_0579,acc_053,Orbitwell Digital,Hugo,Dubois,crm_con_0579,unassigned,false,,false,
con_0584,acc_053,Orbitwell Digital,Hugo,Durand,crm_con_0584,unassigned,false,,false,
con_0589,acc_053,Orbitwell Digital,Hugo,Lefebvre,crm_con_0589,unassigned,false,,false,
con_0580,acc_053,Orbitwell Digital,Mathieu,David,crm_con_0580,unassigned,false,,false,
con_0582,acc_053,Orbitwell Digital,Baptiste,Martin,crm_con_0582,unassigned,false,,false,
con_0583,acc_053,Orbitwell Digital,Inès,Garcia,crm_con_0583,unassigned,false,,false,
con_0585,acc_053,Orbitwell Digital,Mathieu,Bernard,crm_con_0585,unassigned,false,,false,
con_0587,acc_053,Orbitwell Digital,Baptiste,Petit,crm_con_0587,unassigned,false,,false,
con_0588,acc_053,Orbitwell Digital,Inès,Fournier,crm_con_0588,unassigned,false,,false,
con_0590,acc_053,Orbitwell Digital,Mathieu,Richard,crm_con_0590,unassigned,false,,false,
con_0581,acc_053,Orbitwell Digital,Chloé,Leroy,crm_con_0581,unassigned,false,,false,
con_0586,acc_053,Orbitwell Digital,Chloé,Michel,crm_con_0586,unassigned,false,,false,
con_0591,acc_054,Pinebridge Platforms,Leo,Hall,crm_con_0591,unassigned,false,,false,
con_0593,acc_054,Pinebridge Platforms,Harry,Wilson,crm_con_0593,unassigned,false,,false,
con_0594,acc_054,Pinebridge Platforms,Olivia,Green,crm_con_0594,unassigned,false,,false,
con_0595,acc_054,Pinebridge Platforms,Lily,Walker,crm_con_0595,unassigned,false,,false,
con_0598,acc_054,Pinebridge Platforms,Harry,Johnson,crm_con_0598,unassigned,false,,false,
con_0599,acc_054,Pinebridge Platforms,Olivia,Brown,crm_con_0599,unassigned,false,,false,
con_0592,acc_054,Pinebridge Platforms,Sophie,Wright,crm_con_0592,unassigned,false,,false,
con_0597,acc_054,Pinebridge Platforms,Sophie,Edwards,crm_con_0597,unassigned,false,,false,
con_0596,acc_054,Pinebridge Platforms,Leo,Williams,crm_con_0596,unassigned,false,,false,
con_0601,acc_055,Quartzline Health,Mateo,Álvarez,crm_con_0601,unassigned,false,,false,
con_0602,acc_055,Quartzline Health,Adrián,Martín,crm_con_0602,unassigned,false,,false,
con_0605,acc_055,Quartzline Health,Paula,Gómez,crm_con_0605,unassigned,false,,false,
con_0607,acc_055,Quartzline Health,Adrián,Moreno,crm_con_0607,unassigned,false,,false,
con_0608,acc_055,Quartzline Health,Marta,Pérez,crm_con_0608,unassigned,false,,false,
con_0600,acc_055,Quartzline Health,Paula,Rodríguez,crm_con_0600,unassigned,false,,false,
con_0603,acc_055,Quartzline Health,Marta,González,crm_con_0603,unassigned,false,,false,
con_0604,acc_055,Quartzline Health,Álvaro,Muñoz,crm_con_0604,unassigned,false,,false,
con_0609,acc_055,Quartzline Health,Álvaro,García,crm_con_0609,unassigned,false,,false,
con_0610,acc_055,Quartzline Health,Paula,Díaz,crm_con_0610,unassigned,false,,false,
con_0606,acc_055,Quartzline Health,Mateo,Fernández,crm_con_0606,unassigned,false,,false,
con_0611,acc_056,Riverstone Advisory,Anna,Meijer,crm_con_0611,alex.morgan,false,2026-08-04,false,
con_0612,acc_056,Riverstone Advisory,Lucas,de Vries,crm_con_0612,alex.morgan,false,2026-08-04,false,
con_0615,acc_056,Riverstone Advisory,Finn,Jansen,crm_con_0615,unassigned,false,,false,
con_0617,acc_056,Riverstone Advisory,Lucas,Visser,crm_con_0617,unassigned,false,,false,
con_0618,acc_056,Riverstone Advisory,Mees,de Jong,crm_con_0618,unassigned,false,,false,
con_0621,acc_056,Riverstone Advisory,Anna,Brouwer,crm_con_0621,unassigned,false,,false,
con_0613,acc_056,Riverstone Advisory,Mees,Peters,crm_con_0613,unassigned,false,,false,
con_0614,acc_056,Riverstone Advisory,Nora,Smit,crm_con_0614,unassigned,false,,false,
con_0619,acc_056,Riverstone Advisory,Nora,Bos,crm_con_0619,unassigned,false,,false,
con_0620,acc_056,Riverstone Advisory,Finn,Janssen,crm_con_0620,unassigned,false,,false,
con_0622,acc_056,Riverstone Advisory,Lucas,de Groot,crm_con_0622,unassigned,false,,false,
con_0616,acc_056,Riverstone Advisory,Anna,Vos,crm_con_0616,unassigned,false,,false,
con_0623,acc_057,Silvergrove Analytics,William,Larsen,crm_con_0623,samira.lee,false,2026-08-07,false,
con_0624,acc_057,Silvergrove Analytics,Elias,Mortensen,crm_con_0624,samira.lee,false,2026-08-07,false,
con_0625,acc_057,Silvergrove Analytics,Agnes,Kristensen,crm_con_0625,unassigned,false,,false,
con_0627,acc_057,Silvergrove Analytics,Clara,Møller,crm_con_0627,unassigned,false,,false,
con_0628,acc_057,Silvergrove Analytics,William,Madsen,crm_con_0628,unassigned,false,,false,
con_0629,acc_057,Silvergrove Analytics,Elias,Andersen,crm_con_0629,unassigned,false,,false,
con_0630,acc_057,Silvergrove Analytics,Agnes,Johansen,crm_con_0630,unassigned,false,,false,
con_0632,acc_057,Silvergrove Analytics,Clara,Pedersen,crm_con_0632,unassigned,false,,false,
con_0633,acc_057,Silvergrove Analytics,William,Poulsen,crm_con_0633,unassigned,false,,false,
con_0634,acc_057,Silvergrove Analytics,Elias,Jørgensen,crm_con_0634,unassigned,false,,false,
con_0635,acc_057,Silvergrove Analytics,Agnes,Hansen,crm_con_0635,unassigned,false,,false,
con_0631,acc_057,Silvergrove Analytics,Malthe,Petersen,crm_con_0631,unassigned,false,,false,
con_0626,acc_057,Silvergrove Analytics,Malthe,Christensen,crm_con_0626,unassigned,false,,false,
con_0640,acc_058,Summitline Labs,Nico,Brunner,crm_con_0640,thomas.chen,true,2026-08-26,false,
con_0641,acc_058,Summitline Labs,Laura,Kunz,crm_con_0641,thomas.chen,false,2026-08-26,false,
con_0645,acc_058,Summitline Labs,Nico,Graf,crm_con_0645,unassigned,false,,false,
con_0637,acc_058,Summitline Labs,Leon,Fischer,crm_con_0637,unassigned,false,,false,
con_0638,acc_058,Summitline Labs,Nora,Müller,crm_con_0638,unassigned,false,,false,
con_0639,acc_058,Summitline Labs,Alina,Wyss,crm_con_0639,unassigned,false,,false,
con_0642,acc_058,Summitline Labs,Leon,Moser,crm_con_0642,unassigned,false,,false,
con_0643,acc_058,Summitline Labs,Nora,Huber,crm_con_0643,unassigned,false,,false,
con_0644,acc_058,Summitline Labs,Alina,Suter,crm_con_0644,unassigned,false,,false,
con_0636,acc_058,Summitline Labs,Laura,Zimmermann,crm_con_0636,unassigned,false,,false,
con_0647,acc_059,Terravale Collective,Sophie,Tremblay,crm_con_0647,unassigned,false,,true,
con_0648,acc_059,Terravale Collective,Lucas,Côté,crm_con_0648,unassigned,false,,true,
con_0649,acc_059,Terravale Collective,Charlotte,Johnson,crm_con_0649,unassigned,false,,true,
con_0652,acc_059,Terravale Collective,Sophie,Wilson,crm_con_0652,unassigned,false,,true,
con_0653,acc_059,Terravale Collective,Lucas,Smith,crm_con_0653,unassigned,false,,true,
con_0654,acc_059,Terravale Collective,Charlotte,Thompson,crm_con_0654,unassigned,false,,true,
con_0651,acc_059,Terravale Collective,Henry,Bouchard,crm_con_0651,unassigned,false,,true,
con_0656,acc_059,Terravale Collective,Henry,Clark,crm_con_0656,unassigned,false,,true,
con_0650,acc_059,Terravale Collective,Noah,Brown,crm_con_0650,unassigned,false,,true,
con_0655,acc_059,Terravale Collective,Noah,Lee,crm_con_0655,unassigned,false,,true,
con_0646,acc_059,Terravale Collective,Henry,MacDonald,crm_con_0646,unassigned,false,,true,
con_0660,acc_060,Vantagefield Commerce,Olivia,Harris,crm_con_0660,unassigned,false,,true,
con_0665,acc_060,Vantagefield Commerce,Olivia,King,crm_con_0665,unassigned,false,,true,
con_0658,acc_060,Vantagefield Commerce,Ava,Martin,crm_con_0658,unassigned,false,,true,
con_0659,acc_060,Vantagefield Commerce,William,Jones,crm_con_0659,unassigned,false,,true,
con_0661,acc_060,Vantagefield Commerce,Matilda,White,crm_con_0661,unassigned,false,,true,
con_0663,acc_060,Vantagefield Commerce,Ava,Walker,crm_con_0663,unassigned,false,,true,
con_0664,acc_060,Vantagefield Commerce,William,Johnson,crm_con_0664,unassigned,false,,true,
con_0666,acc_060,Vantagefield Commerce,Matilda,Thomas,crm_con_0666,unassigned,false,,true,
con_0668,acc_060,Vantagefield Commerce,Ava,Kelly,crm_con_0668,unassigned,false,,true,
con_0657,acc_060,Vantagefield Commerce,Theodore,Lee,crm_con_0657,unassigned,false,,true,
con_0662,acc_060,Vantagefield Commerce,Theodore,Smith,crm_con_0662,unassigned,false,,true,
con_0667,acc_060,Vantagefield Commerce,Theodore,Taylor,crm_con_0667,unassigned,false,,true,
con_0669,acc_061,Willowgate Mobility,Grace,Wright,crm_con_0669,unassigned,false,,false,
con_0670,acc_061,Willowgate Mobility,Arthur,Wilson,crm_con_0670,unassigned,false,,false,
con_0672,acc_061,Willowgate Mobility,Freya,Walker,crm_con_0672,unassigned,false,,false,
con_0675,acc_061,Willowgate Mobility,Arthur,Johnson,crm_con_0675,unassigned,false,,false,
con_0676,acc_061,Willowgate Mobility,Amelia,Brown,crm_con_0676,unassigned,false,,false,
con_0671,acc_061,Willowgate Mobility,Amelia,Green,crm_con_0671,unassigned,false,,false,
con_0673,acc_061,Willowgate Mobility,Henry,Williams,crm_con_0673,unassigned,false,,false,
con_0674,acc_061,Willowgate Mobility,Grace,Edwards,crm_con_0674,unassigned,false,,false,
con_0677,acc_061,Willowgate Mobility,Freya,Hughes,crm_con_0677,unassigned,false,,false,
con_0678,acc_062,Wintermere Services,Paul,Neumann,crm_con_0678,samira.lee,false,2026-08-22,false,
con_0680,acc_062,Wintermere Services,Emma,Schneider,crm_con_0680,samira.lee,false,2026-08-22,false,
con_0683,acc_062,Wintermere Services,Paul,Schmidt,crm_con_0683,unassigned,false,,false,
con_0684,acc_062,Wintermere Services,Ben,Wolf,crm_con_0684,unassigned,false,,false,
con_0686,acc_062,Wintermere Services,Felix,Müller,crm_con_0686,unassigned,false,,false,
con_0679,acc_062,Wintermere Services,Ben,Hoffmann,crm_con_0679,unassigned,false,,false,
con_0681,acc_062,Wintermere Services,Felix,Schröder,crm_con_0681,unassigned,false,,false,
con_0682,acc_062,Wintermere Services,Mia,Schulz,crm_con_0682,unassigned,false,,false,
con_0685,acc_062,Wintermere Services,Emma,Becker,crm_con_0685,unassigned,false,,false,
con_0688,acc_062,Wintermere Services,Paul,Wagner,crm_con_0688,unassigned,false,,false,
con_0687,acc_062,Wintermere Services,Mia,Klein,crm_con_0687,unassigned,false,,false,
con_0689,acc_063,Brightpath Works,Lorenzo,Ferrari,crm_con_0689,thomas.chen,true,2026-08-23,false,
con_0693,acc_063,Brightpath Works,Francesca,Mancini,crm_con_0693,thomas.chen,false,2026-08-23,false,
con_0694,acc_063,Brightpath Works,Lorenzo,Ricci,crm_con_0694,unassigned,false,,false,
con_0695,acc_063,Brightpath Works,Davide,Rossi,crm_con_0695,unassigned,false,,false,
con_0699,acc_063,Brightpath Works,Lorenzo,Conti,crm_con_0699,unassigned,false,,false,
con_0700,acc_063,Brightpath Works,Davide,Romano,crm_con_0700,unassigned,false,,false,
con_0690,acc_063,Brightpath Works,Davide,Costa,crm_con_0690,unassigned,false,,false,
con_0691,acc_063,Brightpath Works,Martina,Marino,crm_con_0691,unassigned,false,,false,
con_0692,acc_063,Brightpath Works,Andrea,Russo,crm_con_0692,unassigned,false,,false,
con_0696,acc_063,Brightpath Works,Martina,De Luca,crm_con_0696,unassigned,false,,false,
con_0698,acc_063,Brightpath Works,Francesca,Moretti,crm_con_0698,unassigned,false,,false,
con_0697,acc_063,Brightpath Works,Andrea,Colombo,crm_con_0697,unassigned,false,,false,
con_0704,acc_064,Cedarpoint Networks,Emma,Martin,crm_con_0704,unassigned,false,,false,
con_0705,acc_064,Cedarpoint Networks,Elise,Vermeulen,crm_con_0705,unassigned,false,,false,
con_0706,acc_064,Cedarpoint Networks,Noah,Mertens,crm_con_0706,unassigned,false,,false,
con_0710,acc_064,Cedarpoint Networks,Elise,Simon,crm_con_0710,unassigned,false,,false,
con_0711,acc_064,Cedarpoint Networks,Noah,De Smet,crm_con_0711,unassigned,false,,false,
con_0712,acc_064,Cedarpoint Networks,Lina,Maes,crm_con_0712,unassigned,false,,false,
con_0701,acc_064,Cedarpoint Networks,Noah,Dubois,crm_con_0701,unassigned,false,,false,
con_0702,acc_064,Cedarpoint Networks,Lina,Vandenberghe,crm_con_0702,unassigned,false,,false,
con_0703,acc_064,Cedarpoint Networks,Lucas,Willems,crm_con_0703,unassigned,false,,false,
con_0708,acc_064,Cedarpoint Networks,Lucas,De Vos,crm_con_0708,unassigned,false,,false,
con_0709,acc_064,Cedarpoint Networks,Emma,Jacobs,crm_con_0709,unassigned,false,,false,
con_0713,acc_064,Cedarpoint Networks,Lucas,Leclercq,crm_con_0713,unassigned,false,,false,
con_0707,acc_064,Cedarpoint Networks,Lina,Leroy,crm_con_0707,unassigned,false,,false,
con_0716,acc_065,Harborstone Industries,Mia,Schmid,crm_con_0716,unassigned,false,,false,
con_0718,acc_065,Harborstone Industries,Lena,Bauer,crm_con_0718,unassigned,false,,false,
con_0722,acc_065,Harborstone Industries,David,Fuchs,crm_con_0722,unassigned,false,,false,
con_0723,acc_065,Harborstone Industries,Lena,Pichler,crm_con_0723,unassigned,false,,false,
con_0714,acc_065,Harborstone Industries,Lukas,Berger,crm_con_0714,unassigned,false,,false,
con_0715,acc_065,Harborstone Industries,Tobias,Gruber,crm_con_0715,unassigned,false,,false,
con_0719,acc_065,Harborstone Industries,Lukas,Wimmer,crm_con_0719,unassigned,false,,false,
con_0720,acc_065,Harborstone Industries,Tobias,Steiner,crm_con_0720,unassigned,false,,false,
con_0721,acc_065,Harborstone Industries,Mia,Reiter,crm_con_0721,unassigned,false,,false,
con_0717,acc_065,Harborstone Industries,David,Moser,crm_con_0717,unassigned,false,,false,
con_0725,acc_066,Ironvale Energy,Matěj,Jelínek,crm_con_0725,alex.morgan,false,2026-08-07,false,
con_0726,acc_066,Ironvale Energy,Tereza,Horák,crm_con_0726,alex.morgan,false,2026-08-07,false,
con_0731,acc_066,Ironvale Energy,Tereza,Hájek,crm_con_0731,unassigned,false,,false,
con_0732,acc_066,Ironvale Energy,Lucie,Kučera,crm_con_0732,unassigned,false,,false,
con_0733,acc_066,Ironvale Energy,Adam,Sedláček,crm_con_0733,unassigned,false,,false,
con_0724,acc_066,Ironvale Energy,Sofie,Novotný,crm_con_0724,unassigned,false,,false,
con_0728,acc_066,Ironvale Energy,Adam,Král,crm_con_0728,unassigned,false,,false,
con_0729,acc_066,Ironvale Energy,Sofie,Veselý,crm_con_0729,unassigned,false,,false,
con_0730,acc_066,Ironvale Energy,Matěj,Novák,crm_con_0730,unassigned,false,,false,
con_0734,acc_066,Ironvale Energy,Sofie,Pokorný,crm_con_0734,unassigned,false,,false,
con_0727,acc_066,Ironvale Energy,Lucie,Svoboda,crm_con_0727,unassigned,false,,false,
con_0735,acc_067,Mapleworks Cloud,Isabella,Rodriguez,crm_con_0735,samira.lee,false,2026-08-10,false,
con_0736,acc_067,Mapleworks Cloud,Oliver,Johnson,crm_con_0736,samira.lee,false,2026-08-10,false,
con_0741,acc_067,Mapleworks Cloud,Oliver,Miller,crm_con_0741,unassigned,false,,false,
con_0742,acc_067,Mapleworks Cloud,Ava,Martin,crm_con_0742,unassigned,false,,false,
con_0743,acc_067,Mapleworks Cloud,Evelyn,Gonzalez,crm_con_0743,unassigned,false,,false,
con_0738,acc_067,Mapleworks Cloud,Evelyn,Davis,crm_con_0738,unassigned,false,,false,
con_0739,acc_067,Mapleworks Cloud,Henry,Smith,crm_con_0739,unassigned,false,,false,
con_0740,acc_067,Mapleworks Cloud,Isabella,Wilson,crm_con_0740,unassigned,false,,false,
con_0744,acc_067,Mapleworks Cloud,Henry,Garcia,crm_con_0744,unassigned,false,,false,
con_0745,acc_067,Mapleworks Cloud,Isabella,Jackson,crm_con_0745,unassigned,false,,false,
con_0746,acc_067,Mapleworks Cloud,Oliver,Lopez,crm_con_0746,unassigned,false,,false,
con_0737,acc_067,Mapleworks Cloud,Ava,Anderson,crm_con_0737,unassigned,false,,false,
con_0748,acc_068,Noviant Systems,Gabriel,Vincent,crm_con_0748,unassigned,false,,false,
con_0752,acc_068,Noviant Systems,Louis,Simon,crm_con_0752,unassigned,false,,false,
con_0753,acc_068,Noviant Systems,Gabriel,Thomas,crm_con_0753,unassigned,false,,false,
con_0754,acc_068,Noviant Systems,Amélie,Bertrand,crm_con_0754,unassigned,false,,false,
con_0749,acc_068,Noviant Systems,Amélie,Laurent,crm_con_0749,unassigned,false,,false,
con_0750,acc_068,Noviant Systems,Maxime,Robert,crm_con_0750,unassigned,false,,false,
con_0751,acc_068,Noviant Systems,Léa,Roux,crm_con_0751,unassigned,false,,false,
con_0755,acc_068,Noviant Systems,Maxime,Moreau,crm_con_0755,unassigned,false,,false,
con_0747,acc_068,Noviant Systems,Louis,Richard,crm_con_0747,unassigned,false,,false,
con_0759,acc_069,Oakridge Digital,Leonie,Schulz,crm_con_0759,unassigned,false,,false,
con_0760,acc_069,Oakridge Digital,Marie,Schmidt,crm_con_0760,unassigned,false,,false,
con_0765,acc_069,Oakridge Digital,Marie,Wagner,crm_con_0765,unassigned,false,,false,
con_0766,acc_069,Oakridge Digital,Elias,Braun,crm_con_0766,unassigned,false,,false,
con_0756,acc_069,Oakridge Digital,Elias,Hoffmann,crm_con_0756,unassigned,false,,false,
con_0758,acc_069,Oakridge Digital,Lukas,Schröder,crm_con_0758,unassigned,false,,false,
con_0761,acc_069,Oakridge Digital,Elias,Wolf,crm_con_0761,unassigned,false,,false,
con_0762,acc_069,Oakridge Digital,Clara,Becker,crm_con_0762,unassigned,false,,false,
con_0763,acc_069,Oakridge Digital,Lukas,Müller,crm_con_0763,unassigned,false,,false,
con_0764,acc_069,Oakridge Digital,Leonie,Klein,crm_con_0764,unassigned,false,,false,
con_0757,acc_069,Oakridge Digital,Clara,Schneider,crm_con_0757,unassigned,false,,false,
con_0769,acc_070,Redwoodline Platforms,Pablo,Fernández,crm_con_0769,oliver.bennett,true,2026-08-05,false,
con_0770,acc_070,Redwoodline Platforms,Sofía,Moreno,crm_con_0770,oliver.bennett,false,2026-08-05,false,
con_0775,acc_070,Redwoodline Platforms,Sofía,Navarro,crm_con_0775,unassigned,false,,false,
con_0776,acc_070,Redwoodline Platforms,Nuria,Hernández,crm_con_0776,unassigned,false,,false,
con_0768,acc_070,Redwoodline Platforms,Alba,Gómez,crm_con_0768,unassigned,false,,false,
con_0771,acc_070,Redwoodline Platforms,Nuria,Pérez,crm_con_0771,unassigned,false,,false,
con_0772,acc_070,Redwoodline Platforms,Lucas,García,crm_con_0772,unassigned,false,,false,
con_0773,acc_070,Redwoodline Platforms,Alba,Díaz,crm_con_0773,unassigned,false,,false,
con_0774,acc_070,Redwoodline Platforms,Pablo,Sánchez,crm_con_0774,unassigned,false,,false,
con_0777,acc_070,Redwoodline Platforms,Lucas,Martínez,crm_con_0777,unassigned,false,,false,
con_0767,acc_070,Redwoodline Platforms,Lucas,Muñoz,crm_con_0767,unassigned,false,,false,
con_0778,acc_070,Redwoodline Platforms,Alba,Alonso,crm_con_0778,unassigned,false,,false,
con_0779,acc_071,Skyward Health,Lotte,de Groot,crm_con_0779,alex.morgan,false,2026-08-22,false,
con_0781,acc_071,Skyward Health,Sophie,Dekker,crm_con_0781,alex.morgan,false,2026-08-22,false,
con_0782,acc_071,Skyward Health,Fleur,Mulder,crm_con_0782,unassigned,false,,false,
con_0785,acc_071,Skyward Health,Sem,de Boer,crm_con_0785,unassigned,false,,false,
con_0787,acc_071,Skyward Health,Fleur,Hendriks,crm_con_0787,unassigned,false,,false,
con_0791,acc_071,Skyward Health,Sophie,Smit,crm_con_0791,unassigned,false,,false,
con_0783,acc_071,Skyward Health,Thijs,van Dijk,crm_con_0783,unassigned,false,,false,
con_0784,acc_071,Skyward Health,Lotte,van Leeuwen,crm_con_0784,unassigned,false,,false,
con_0789,acc_071,Skyward Health,Lotte,de Vries,crm_con_0789,unassigned,false,,false,
con_0790,acc_071,Skyward Health,Sem,Peters,crm_con_0790,unassigned,false,,false,
con_0780,acc_071,Skyward Health,Sem,Bakker,crm_con_0780,unassigned,false,,false,
con_0786,acc_071,Skyward Health,Sophie,van den Berg,crm_con_0786,unassigned,false,,false,
con_0788,acc_071,Skyward Health,Thijs,Meijer,crm_con_0788,unassigned,false,,false,
con_0793,acc_072,Solstice Advisory,Grace,Doherty,crm_con_0793,samira.lee,false,2026-08-25,false,
con_0794,acc_072,Solstice Advisory,Seán,Byrne,crm_con_0794,samira.lee,false,2026-08-25,false,
con_0797,acc_072,Solstice Advisory,Eoin,O'Brien,crm_con_0797,unassigned,false,,false,
con_0799,acc_072,Solstice Advisory,Seán,McCarthy,crm_con_0799,unassigned,false,,false,
con_0800,acc_072,Solstice Advisory,Clodagh,Smith,crm_con_0800,unassigned,false,,false,
con_0795,acc_072,Solstice Advisory,Clodagh,McGrath,crm_con_0795,unassigned,false,,false,
con_0796,acc_072,Solstice Advisory,Cian,Gallagher,crm_con_0796,unassigned,false,,false,
con_0801,acc_072,Solstice Advisory,Cian,Quinn,crm_con_0801,unassigned,false,,false,
con_0792,acc_072,Solstice Advisory,Eoin,Murphy,crm_con_0792,unassigned,false,,false,
con_0798,acc_072,Solstice Advisory,Grace,Moore,crm_con_0798,unassigned,false,,false,
con_0802,acc_073,Westmere Analytics,Emil,Hagen,crm_con_0802,thomas.chen,false,2026-08-01,false,
con_0803,acc_073,Westmere Analytics,Aksel,Jensen,crm_con_0803,thomas.chen,false,2026-08-01,false,
con_0805,acc_073,Westmere Analytics,William,Haugen,crm_con_0805,unassigned,false,,false,
con_0809,acc_073,Westmere Analytics,Maja,Nilsen,crm_con_0809,unassigned,false,,false,
con_0811,acc_073,Westmere Analytics,Ella,Eriksen,crm_con_0811,unassigned,false,,false,
con_0804,acc_073,Westmere Analytics,Maja,Johansen,crm_con_0804,unassigned,false,,false,
con_0806,acc_073,Westmere Analytics,Ella,Kristiansen,crm_con_0806,unassigned,false,,false,
con_0807,acc_073,Westmere Analytics,Emil,Hansen,crm_con_0807,unassigned,false,,false,
con_0810,acc_073,Westmere Analytics,William,Dahl,crm_con_0810,unassigned,false,,false,
con_0812,acc_073,Westmere Analytics,Emil,Pedersen,crm_con_0812,unassigned,false,,false,
con_0808,acc_073,Westmere Analytics,Aksel,Berg,crm_con_0808,unassigned,false,,false,
con_0813,acc_074,Yarrow Labs,Noah,Johnson,crm_con_0813,unassigned,false,,false,
con_0815,acc_074,Yarrow Labs,Harper,Davis,crm_con_0815,unassigned,false,,false,
con_0819,acc_074,Yarrow Labs,Theodore,Martin,crm_con_0819,unassigned,false,,false,
con_0821,acc_074,Yarrow Labs,William,Garcia,crm_con_0821,unassigned,false,,false,
con_0824,acc_074,Yarrow Labs,Theodore,Jones,crm_con_0824,unassigned,false,,false,
con_0814,acc_074,Yarrow Labs,Theodore,Anderson,crm_con_0814,unassigned,false,,false,
con_0816,acc_074,Yarrow Labs,William,Smith,crm_con_0816,unassigned,false,,false,
con_0817,acc_074,Yarrow Labs,Sophia,Wilson,crm_con_0817,unassigned,false,,false,
con_0820,acc_074,Yarrow Labs,Harper,Gonzalez,crm_con_0820,unassigned,false,,false,
con_0822,acc_074,Yarrow Labs,Sophia,Jackson,crm_con_0822,unassigned,false,,false,
con_0823,acc_074,Yarrow Labs,Noah,Lopez,crm_con_0823,unassigned,false,,false,
con_0818,acc_074,Yarrow Labs,Noah,Miller,crm_con_0818,unassigned,false,,false,
con_0825,acc_075,Asterline Collective,Mathieu,Vincent,crm_con_0825,unassigned,false,,false,
con_0827,acc_075,Asterline Collective,Baptiste,Robert,crm_con_0827,unassigned,false,,false,
con_0829,acc_075,Asterline Collective,Hugo,Simon,crm_con_0829,unassigned,false,,false,
con_0830,acc_075,Asterline Collective,Mathieu,Thomas,crm_con_0830,unassigned,false,,false,
con_0831,acc_075,Asterline Collective,Chloé,Bertrand,crm_con_0831,unassigned,false,,false,
con_0833,acc_075,Asterline Collective,Inès,Dubois,crm_con_0833,unassigned,false,,false,
con_0826,acc_075,Asterline Collective,Chloé,Laurent,crm_con_0826,unassigned,false,,false,
con_0832,acc_075,Asterline Collective,Baptiste,Moreau,crm_con_0832,unassigned,false,,false,
con_0828,acc_075,Asterline Collective,Inès,Roux,crm_con_0828,unassigned,false,,false,
con_0835,acc_076,Bluehaven Commerce,Arthur,White,crm_con_0835,alex.morgan,true,2026-08-06,false,
con_0837,acc_076,Bluehaven Commerce,Freya,Jones,crm_con_0837,alex.morgan,false,2026-08-06,false,
con_0839,acc_076,Bluehaven Commerce,Grace,Evans,crm_con_0839,unassigned,false,,false,
con_0841,acc_076,Bluehaven Commerce,Amelia,Thompson,crm_con_0841,unassigned,false,,false,
con_0843,acc_076,Bluehaven Commerce,Henry,Hall,crm_con_0843,unassigned,false,,false,
con_0844,acc_076,Bluehaven Commerce,Grace,Wright,crm_con_0844,unassigned,false,,false,
con_0834,acc_076,Bluehaven Commerce,Grace,Taylor,crm_con_0834,unassigned,false,,false,
con_0836,acc_076,Bluehaven Commerce,Amelia,Thomas,crm_con_0836,unassigned,false,,false,
con_0840,acc_076,Bluehaven Commerce,Arthur,Smith,crm_con_0840,unassigned,false,,false,
con_0842,acc_076,Bluehaven Commerce,Freya,Davies,crm_con_0842,unassigned,false,,false,
con_0838,acc_076,Bluehaven Commerce,Henry,Robinson,crm_con_0838,unassigned,false,,false,
con_0847,acc_077,Copperleaf Mobility,Lucía,Moreno,crm_con_0847,unassigned,false,,false,
con_0850,acc_077,Copperleaf Mobility,Carmen,Díaz,crm_con_0850,unassigned,false,,false,
con_0853,acc_077,Copperleaf Mobility,Clara,Hernández,crm_con_0853,unassigned,false,,false,
con_0854,acc_077,Copperleaf Mobility,Diego,Martínez,crm_con_0854,unassigned,false,,false,
con_0856,acc_077,Copperleaf Mobility,Daniel,Ruiz,crm_con_0856,unassigned,false,,false,
con_0845,acc_077,Copperleaf Mobility,Carmen,Gómez,crm_con_0845,unassigned,false,,false,
con_0849,acc_077,Copperleaf Mobility,Diego,García,crm_con_0849,unassigned,false,,false,
con_0851,acc_077,Copperleaf Mobility,Daniel,Sánchez,crm_con_0851,unassigned,false,,false,
con_0855,acc_077,Copperleaf Mobility,Carmen,Alonso,crm_con_0855,unassigned,false,,false,
con_0846,acc_077,Copperleaf Mobility,Daniel,Fernández,crm_con_0846,unassigned,false,,false,
con_0852,acc_077,Copperleaf Mobility,Lucía,Navarro,crm_con_0852,unassigned,false,,false,
con_0848,acc_077,Copperleaf Mobility,Clara,Pérez,crm_con_0848,unassigned,false,,false,
con_0859,acc_078,Deltaforge Services,Beatrice,Gallo,crm_con_0859,thomas.chen,false,2026-08-16,false,
con_0861,acc_078,Deltaforge Services,Aurora,Rizzo,crm_con_0861,thomas.chen,false,2026-08-16,false,
con_0864,acc_078,Deltaforge Services,Beatrice,Giordano,crm_con_0864,unassigned,false,,false,
con_0865,acc_078,Deltaforge Services,Gabriele,Greco,crm_con_0865,unassigned,false,,false,
con_0867,acc_078,Deltaforge Services,Matteo,Costa,crm_con_0867,unassigned,false,,false,
con_0860,acc_078,Deltaforge Services,Gabriele,Bianchi,crm_con_0860,unassigned,false,,false,
con_0862,acc_078,Deltaforge Services,Matteo,Bruno,crm_con_0862,unassigned,false,,false,
con_0866,acc_078,Deltaforge Services,Aurora,Ferrari,crm_con_0866,unassigned,false,,false,
con_0868,acc_078,Deltaforge Services,Alessandro,Marino,crm_con_0868,unassigned,false,,false,
con_0857,acc_078,Deltaforge Services,Matteo,Romano,crm_con_0857,unassigned,false,,false,
con_0863,acc_078,Deltaforge Services,Alessandro,Esposito,crm_con_0863,unassigned,false,,false,
con_0858,acc_078,Deltaforge Services,Alessandro,Lombardi,crm_con_0858,unassigned,false,,false,
con_0869,acc_078,Deltaforge Services,Beatrice,Russo,crm_con_0869,unassigned,false,,false,
con_0874,acc_079,Emberfield Works,Oscar,Larsson,crm_con_0874,unassigned,false,,false,
con_0870,acc_079,Emberfield Works,Ella,Hansson,crm_con_0870,unassigned,false,,false,
con_0872,acc_079,Emberfield Works,Astrid,Lindström,crm_con_0872,unassigned,false,,false,
con_0873,acc_079,Emberfield Works,Nora,Jansson,crm_con_0873,unassigned,false,,false,
con_0875,acc_079,Emberfield Works,Ella,Lundberg,crm_con_0875,unassigned,false,,false,
con_0877,acc_079,Emberfield Works,Astrid,Eriksson,crm_con_0877,unassigned,false,,false,
con_0878,acc_079,Emberfield Works,Nora,Magnusson,crm_con_0878,unassigned,false,,false,
con_0871,acc_079,Emberfield Works,Noah,Olsson,crm_con_0871,unassigned,false,,false,
con_0876,acc_079,Emberfield Works,Noah,Jonsson,crm_con_0876,unassigned,false,,false,
con_0879,acc_079,Emberfield Works,Oscar,Pettersson,crm_con_0879,unassigned,false,,false,
con_0881,acc_080,Fableworks Networks,Alicja,Kowalski,crm_con_0881,oliver.bennett,true,2026-08-24,false,
con_0882,acc_080,Fableworks Networks,Szymon,Kwiatkowski,crm_con_0882,oliver.bennett,false,2026-08-24,false,
con_0883,acc_080,Fableworks Networks,Maja,Dąbrowski,crm_con_0883,unassigned,false,,false,
con_0884,acc_080,Fableworks Networks,Jakub,Nowak,crm_con_0884,unassigned,false,,false,
con_0886,acc_080,Fableworks Networks,Alicja,Lewandowski,crm_con_0886,unassigned,false,,false,
con_0887,acc_080,Fableworks Networks,Szymon,Michalski,crm_con_0887,unassigned,false,,false,
con_0888,acc_080,Fableworks Networks,Maja,Jankowski,crm_con_0888,unassigned,false,,false,
con_0880,acc_080,Fableworks Networks,Michał,Zieliński,crm_con_0880,unassigned,false,,false,
con_0885,acc_080,Fableworks Networks,Michał,Mazur,crm_con_0885,unassigned,false,,false,
con_0890,acc_080,Fableworks Networks,Michał,Pawłowski,crm_con_0890,unassigned,false,,false,
con_0889,acc_080,Fableworks Networks,Jakub,Kamiński,crm_con_0889,unassigned,false,,false,
con_0891,acc_081,Graniteway Industries,Theo,Bouchard,crm_con_0891,unassigned,false,,false,
con_0894,acc_081,Graniteway Industries,Emma,Thompson,crm_con_0894,unassigned,false,,false,
con_0896,acc_081,Graniteway Industries,Theo,Clark,crm_con_0896,unassigned,false,,false,
con_0897,acc_081,Graniteway Industries,Chloe,Anderson,crm_con_0897,unassigned,false,,false,
con_0900,acc_081,Graniteway Industries,Oliver,Campbell,crm_con_0900,unassigned,false,,false,
con_0902,acc_081,Graniteway Industries,Chloe,Miller,crm_con_0902,unassigned,false,,false,
con_0892,acc_081,Graniteway Industries,Chloe,Wilson,crm_con_0892,unassigned,false,,false,
con_0893,acc_081,Graniteway Industries,Ethan,Smith,crm_con_0893,unassigned,false,,false,
con_0895,acc_081,Graniteway Industries,Oliver,Lee,crm_con_0895,unassigned,false,,false,
con_0898,acc_081,Graniteway Industries,Ethan,Gagnon,crm_con_0898,unassigned,false,,false,
con_0901,acc_081,Graniteway Industries,Theo,Roy,crm_con_0901,unassigned,false,,false,
con_0899,acc_081,Graniteway Industries,Emma,White,crm_con_0899,unassigned,false,,false,
con_0905,acc_082,Juniperlane Energy,Chloe,Seah,crm_con_0905,unassigned,false,,false,
con_0907,acc_082,Juniperlane Energy,Nathan,Ng,crm_con_0907,unassigned,false,,false,
con_0908,acc_082,Juniperlane Energy,Sophia,Loh,crm_con_0908,unassigned,false,,false,
con_0911,acc_082,Juniperlane Energy,Nadia,Ang,crm_con_0911,unassigned,false,,false,
con_0903,acc_082,Juniperlane Energy,Sophia,Yap,crm_con_0903,unassigned,false,,false,
con_0904,acc_082,Juniperlane Energy,Daniel,Wong,crm_con_0904,unassigned,false,,false,
con_0906,acc_082,Juniperlane Energy,Nadia,Teo,crm_con_0906,unassigned,false,,false,
con_0910,acc_082,Juniperlane Energy,Chloe,Lee,crm_con_0910,unassigned,false,,false,
con_0909,acc_082,Juniperlane Energy,Daniel,Koh,crm_con_0909,unassigned,false,,false,
con_0912,acc_083,Latticepoint Cloud,Louis,David,crm_con_0912,thomas.chen,true,2026-08-12,false,
con_0913,acc_083,Latticepoint Cloud,Gabriel,Leroy,crm_con_0913,thomas.chen,false,2026-08-12,false,
con_0915,acc_083,Latticepoint Cloud,Maxime,Garcia,crm_con_0915,unassigned,false,,false,
con_0916,acc_083,Latticepoint Cloud,Léa,Durand,crm_con_0916,unassigned,false,,false,
con_0917,acc_083,Latticepoint Cloud,Louis,Bernard,crm_con_0917,unassigned,false,,false,
con_0918,acc_083,Latticepoint Cloud,Gabriel,Michel,crm_con_0918,unassigned,false,,false,
con_0920,acc_083,Latticepoint Cloud,Maxime,Fournier,crm_con_0920,unassigned,false,,false,
con_0921,acc_083,Latticepoint Cloud,Léa,Lefebvre,crm_con_0921,unassigned,false,,false,
con_0922,acc_083,Latticepoint Cloud,Louis,Richard,crm_con_0922,unassigned,false,,false,
con_0914,acc_083,Latticepoint Cloud,Amélie,Martin,crm_con_0914,unassigned,false,,false,
con_0919,acc_083,Latticepoint Cloud,Amélie,Petit,crm_con_0919,unassigned,false,,false,
con_0926,acc_084,Meadowcrest Systems,Jonas,Müller,crm_con_0926,priya.nair,false,2026-08-07,false,
con_0927,acc_084,Meadowcrest Systems,Lena,Klein,crm_con_0927,priya.nair,false,2026-08-07,false,
con_0931,acc_084,Meadowcrest Systems,Jonas,Meyer,crm_con_0931,unassigned,false,,false,
con_0932,acc_084,Meadowcrest Systems,Lena,Zimmermann,crm_con_0932,unassigned,false,,false,
con_0923,acc_084,Meadowcrest Systems,Leon,Schmidt,crm_con_0923,unassigned,false,,false,
con_0924,acc_084,Meadowcrest Systems,Moritz,Wolf,crm_con_0924,unassigned,false,,false,
con_0925,acc_084,Meadowcrest Systems,Laura,Becker,crm_con_0925,unassigned,false,,false,
con_0928,acc_084,Meadowcrest Systems,Leon,Wagner,crm_con_0928,unassigned,false,,false,
con_0930,acc_084,Meadowcrest Systems,Laura,Richter,crm_con_0930,unassigned,false,,false,
con_0933,acc_084,Meadowcrest Systems,Leon,Bauer,crm_con_0933,unassigned,false,,false,
con_0934,acc_084,Meadowcrest Systems,Moritz,Weber,crm_con_0934,unassigned,false,,false,
con_0929,acc_084,Meadowcrest Systems,Moritz,Braun,crm_con_0929,unassigned,false,,false,
con_0935,acc_085,Northstar Digital,Davide,Lombardi,crm_con_0935,unassigned,false,,true,
con_0936,acc_085,Northstar Digital,Martina,Gallo,crm_con_0936,unassigned,false,,true,
con_0937,acc_085,Northstar Digital,Andrea,Bianchi,crm_con_0937,unassigned,false,,true,
con_0940,acc_085,Northstar Digital,Davide,Esposito,crm_con_0940,unassigned,false,,true,
con_0941,acc_085,Northstar Digital,Martina,Giordano,crm_con_0941,unassigned,false,,true,
con_0942,acc_085,Northstar Digital,Andrea,Greco,crm_con_0942,unassigned,false,,true,
con_0945,acc_085,Northstar Digital,Davide,Marino,crm_con_0945,unassigned,false,,true,
con_0946,acc_085,Northstar Digital,Martina,Russo,crm_con_0946,unassigned,false,,true,
con_0947,acc_085,Northstar Digital,Andrea,Mancini,crm_con_0947,unassigned,false,,true,
con_0944,acc_085,Northstar Digital,Lorenzo,Costa,crm_con_0944,unassigned,false,,true,
con_0938,acc_085,Northstar Digital,Francesca,Rizzo,crm_con_0938,unassigned,false,,true,
con_0943,acc_085,Northstar Digital,Francesca,Ferrari,crm_con_0943,unassigned,false,,true,
con_0939,acc_085,Northstar Digital,Lorenzo,Bruno,crm_con_0939,unassigned,false,,true,
con_0950,acc_086,Orbitwell Platforms,Charlotte,Vandenberghe,crm_con_0950,unassigned,false,,true,
con_0955,acc_086,Orbitwell Platforms,Charlotte,Leroy,crm_con_0955,unassigned,false,,true,
con_0948,acc_086,Orbitwell Platforms,Victor,Claes,crm_con_0948,unassigned,false,,true,
con_0951,acc_086,Orbitwell Platforms,Jules,Willems,crm_con_0951,unassigned,false,,true,
con_0953,acc_086,Orbitwell Platforms,Victor,Vermeulen,crm_con_0953,unassigned,false,,true,
con_0954,acc_086,Orbitwell Platforms,Louise,Mertens,crm_con_0954,unassigned,false,,true,
con_0956,acc_086,Orbitwell Platforms,Jules,De Vos,crm_con_0956,unassigned,false,,true,
con_0952,acc_086,Orbitwell Platforms,Jules,Martin,crm_con_0952,unassigned,false,,true,
con_0957,acc_086,Orbitwell Platforms,Jules,Jacobs,crm_con_0957,unassigned,false,,true,
con_0949,acc_086,Orbitwell Platforms,Louise,Dubois,crm_con_0949,unassigned,false,,true,
con_0962,acc_087,Pinebridge Health,Gonçalo,Lopes,crm_con_0962,unassigned,false,,false,
con_0963,acc_087,Pinebridge Health,Carolina,Rodrigues,crm_con_0963,unassigned,false,,false,
con_0965,acc_087,Pinebridge Health,Matilde,Gomes,crm_con_0965,unassigned,false,,false,
con_0968,acc_087,Pinebridge Health,Carolina,Gonçalves,crm_con_0968,unassigned,false,,false,
con_0958,acc_087,Pinebridge Health,Carolina,Santos,crm_con_0958,unassigned,false,,false,
con_0960,acc_087,Pinebridge Health,Matilde,Martins,crm_con_0960,unassigned,false,,false,
con_0961,acc_087,Pinebridge Health,Sofia,Silva,crm_con_0961,unassigned,false,,false,
con_0964,acc_087,Pinebridge Health,Miguel,Teixeira,crm_con_0964,unassigned,false,,false,
con_0966,acc_087,Pinebridge Health,Sofia,Costa,crm_con_0966,unassigned,false,,false,
con_0967,acc_087,Pinebridge Health,Gonçalo,Carvalho,crm_con_0967,unassigned,false,,false,
con_0959,acc_087,Pinebridge Health,Miguel,Marques,crm_con_0959,unassigned,false,,false,
con_0972,acc_088,Quartzline Advisory,Iida,Laine,crm_con_0972,thomas.chen,true,2026-08-22,false,
con_0973,acc_088,Quartzline Advisory,Emil,Mattila,crm_con_0973,thomas.chen,false,2026-08-22,false,
con_0975,acc_088,Quartzline Advisory,Oliver,Hämäläinen,crm_con_0975,unassigned,false,,false,
con_0978,acc_088,Quartzline Advisory,Emil,Mäkelä,crm_con_0978,unassigned,false,,false,
con_0979,acc_088,Quartzline Advisory,Venla,Tuominen,crm_con_0979,unassigned,false,,false,
con_0970,acc_088,Quartzline Advisory,Oliver,Korhonen,crm_con_0970,unassigned,false,,false,
con_0971,acc_088,Quartzline Advisory,Sofia,Heinonen,crm_con_0971,unassigned,false,,false,
con_0974,acc_088,Quartzline Advisory,Venla,Salminen,crm_con_0974,unassigned,false,,false,
con_0976,acc_088,Quartzline Advisory,Sofia,Karjalainen,crm_con_0976,unassigned,false,,false,
con_0977,acc_088,Quartzline Advisory,Iida,Saarinen,crm_con_0977,unassigned,false,,false,
con_0969,acc_088,Quartzline Advisory,Venla,Heikkinen,crm_con_0969,unassigned,false,,false,
con_0980,acc_088,Quartzline Advisory,Oliver,Lehtonen,crm_con_0980,unassigned,false,,false,
con_0983,acc_089,Riverstone Analytics,Evelyn,Hernandez,crm_con_0983,priya.nair,true,2026-08-12,false,
con_0984,acc_089,Riverstone Analytics,Henry,Brown,crm_con_0984,priya.nair,false,2026-08-12,false,
con_0985,acc_089,Riverstone Analytics,Isabella,Taylor,crm_con_0985,unassigned,false,,false,
con_0989,acc_089,Riverstone Analytics,Henry,Rodriguez,crm_con_0989,unassigned,false,,false,
con_0981,acc_089,Riverstone Analytics,Oliver,Jones,crm_con_0981,unassigned,false,,false,
con_0982,acc_089,Riverstone Analytics,Ava,Moore,crm_con_0982,unassigned,false,,false,
con_0986,acc_089,Riverstone Analytics,Oliver,Martinez,crm_con_0986,unassigned,false,,false,
con_0987,acc_089,Riverstone Analytics,Ava,Williams,crm_con_0987,unassigned,false,,false,
con_0988,acc_089,Riverstone Analytics,Evelyn,Thomas,crm_con_0988,unassigned,false,,false,
con_0991,acc_090,Silvergrove Labs,Chloé,Martin,crm_con_0991,unassigned,false,,false,
con_0992,acc_090,Silvergrove Labs,Baptiste,Garcia,crm_con_0992,unassigned,false,,false,
con_0993,acc_090,Silvergrove Labs,Inès,Durand,crm_con_0993,unassigned,false,,false,
con_0997,acc_090,Silvergrove Labs,Baptiste,Fournier,crm_con_0997,unassigned,false,,false,
con_0998,acc_090,Silvergrove Labs,Inès,Lefebvre,crm_con_0998,unassigned,false,,false,
con_0999,acc_090,Silvergrove Labs,Hugo,Richard,crm_con_0999,unassigned,false,,false,
con_0990,acc_090,Silvergrove Labs,Mathieu,Leroy,crm_con_0990,unassigned,false,,false,
con_0994,acc_090,Silvergrove Labs,Hugo,Bernard,crm_con_0994,unassigned,false,,false,
con_0995,acc_090,Silvergrove Labs,Mathieu,Michel,crm_con_0995,unassigned,false,,false,
con_0996,acc_090,Silvergrove Labs,Chloé,Petit,crm_con_0996,unassigned,false,,false,
con_1000,acc_090,Silvergrove Labs,Mathieu,Vincent,crm_con_1000,unassigned,false,,false,
