signal_id,account_id,contact_id,signal_type,signal_date,title,summary,source_url,signal_strength,recommended_angle,verified
sig_001,acc_001,con_001,leadership_change,2026-08-15,Northstar Ledger appoints new CIO,Northstar Ledger announced a new CIO with a mandate to modernize internal systems across finance and operations.,https://news.example/northstar-ledger-cio,high,Reducing the manual work around cross-functional research and internal requests during systems change.,true
sig_002,acc_001,con_002,hiring,2026-08-10,Northstar Ledger opens three operations roles,The company is hiring for revenue operations and customer operations roles across France.,https://jobs.example/northstar-ledger,medium,Helping a growing operations team standardize research and follow-up workflows.,true
sig_003,acc_002,con_003,product_launch,2026-08-16,Harborline launches cloud posture product,Harborline Systems launched a new cloud posture product for distributed engineering organizations.,https://news.example/harborline-cloud-posture,high,"Turning product, customer, and technical research into repeatable go-to-market workflows.",true
sig_004,acc_002,con_004,content_signal,2026-08-09,Harborline publishes guide to security operations,The demand generation team published a guide on scaling security operations without adding manual reporting work.,https://content.example/harborline-security-ops,medium,Using existing research and content signals to create more relevant account follow-up.,true
sig_005,acc_003,con_005,expansion,2026-08-08,Morrow Mobility expands into Germany,Morrow Mobility announced a new German operating hub and a plan to double its delivery fleet.,https://news.example/morrow-germany,medium,Coordinating account research and regional outreach during expansion.,true
sig_006,acc_004,con_007,partnership,2026-08-06,Cedar & Finch launches operations practice,Cedar & Finch introduced a new practice focused on operations transformation for scale-ups.,https://news.example/cedar-finch-ops,medium,Supporting repeatable account research across a growing advisory practice.,true
sig_007,acc_005,con_009,technology_change,2026-08-04,Brightforge announces digital plant program,Brightforge is consolidating operational data across several plants as part of a digital transformation program.,https://news.example/brightforge-digital-plant,high,Making research and internal knowledge easier to use across a distributed transformation program.,true
sig_008,acc_006,con_011,hiring,2026-07-29,Meadowbridge hires patient experience team,Meadowbridge is expanding its patient experience team across several countries.,https://jobs.example/meadowbridge-px,low,Unclear. Research further before creating a specific outbound angle.,true
sig_009,acc_007,con_013,content_signal,2026-07-25,Atelier Nova publishes design case study,Atelier Nova published a case study about a consumer brand redesign.,https://content.example/atelier-nova-case-study,low,No strong operational trigger identified.,true
sig_010,acc_008,con_015,public_tender,2026-08-01,Summit Grid opens infrastructure program,The authority opened a public procurement program related to regional energy infrastructure.,https://public.example/summit-grid-program,medium,Do not contact directly. Route for policy and account review.,true
